0,1,2,3,4,5,6,7,8,9,10,11,12,13,14,15,16,17,18,19
4.705775379743818,-1.1309317014590436,4.8151758749495155,-0.11698965240183454,0.3958424828235737,0.21590770602830833,0.44161677378933023,-0.6041305659652896,0.5302223559791112,-0.9941417011048895,-0.10037408725009808,-0.34012633787217983,1.0492042224420226,0.5238437460476855,-1.1256101336019997,0.7818724777621134,1.8459396909965968,1.5170356453510632,0.2965437832322946,0.03398949323230029
2.4253731879260796,2.1018368303603254,1.70206481255977,-0.038394714847243105,0.861974022712853,-0.23913732894768963,-0.37404434341005827,-0.9434096852367964,-1.0591215815606445,-0.6757461990812296,1.3766159878900586,-0.18310938192323048,0.5236616544703524,-0.30578455542000943,-1.7633465204548378,-1.0595452800465237,0.053557457720744696,1.5452538148956407,-0.24958420696588218,1.226925368671964
2.4415859110524543,1.8399339695839028,2.697665682356857,-0.026308262491178663,-1.7274642287865198,-0.300175446542566,-0.5206801859859619,-0.01989903729759033,0.8214423604384214,-1.0467460866457923,-1.3528057975799839,-0.6288933794575216,1.2326648833034992,1.027809755300284,1.5253177387066157,0.45534844406015623,0.3706840252084822,-1.5905702745018224,0.4034230195393699,1.6654956827905552
2.3991934850311734,1.6475018188418924,2.5912866460153046,0.21171248362132217,2.120123607730447,1.8229842744145923,1.1477077450719493,1.2674691176441217,0.8258503254498293,-0.1667907746431732,-1.033234173689114,-1.059195947429652,1.1279954441077211,0.005560898275813546,-0.07702382326453908,1.2539027987747942,-0.5905529319454021,-0.557732329336473,1.9608305060657947,1.6644010791156303
2.946226377239444,1.8491675711663902,1.8995602315350133,-0.010264010710884227,0.487857905739457,0.9381932533578116,0.39077215112507613,-0.6860838191602046,0.4658480416290633,-1.382133418373999,0.3183348358680716,-0.5179815278032006,0.543370204127638,1.1255488680970214,0.48185619590195883,1.7729455817115922,-0.44642061360699953,0.5917372524484649,0.37394069816110287,-0.756470595822447
2.9429850919681666,0.30569627887862727,4.748486904284131,-0.39933005279444506,0.5791808966300814,1.2734659235557415,0.7211251563859078,0.24294794215077672,1.3293245176464348,-1.3454992935587995,1.4747181705926393,1.6599767289356866,-0.0383945216085649,0.8927844097195312,-0.5455019867427452,0.042856197277158566,0.11981194102219782,-0.5107230759687293,-0.10401507940020242,-1.6920058658487507
2.3541055407736886,2.0075449054560357,2.028650702225744,-0.43708783441004984,-0.6162776579490518,-0.00013585736773849357,0.8344076153287927,-0.30867671926729645,-0.5214557379420418,1.2490254705671848,-2.008962526200787,0.0857936929292026,-1.0385129007630203,-1.2815445118687294,1.2047433554029559,1.9411385369719034,0.4586711173154075,1.124964881781266,-0.20597517700851437,-0.7173951307043634
1.7879703506707731,2.698419456785624,0.8043704736022637,-2.0282367939919514,0.9229996532606614,1.2031268387552352,-2.48843259892914,-0.8563230762608496,0.24400355780164257,-1.37607736183832,0.4283190961418398,-0.37429428817323956,-0.6489847050320796,-0.2346060005526518,-0.04501289421822215,-0.6501650202881941,0.33586023092141376,0.830975410565425,-0.35178325296205726,-1.3601885819718564
-0.11486579797429641,4.335185972965223,-0.44125961810207937,2.4699127359653312,-0.17253373030869085,1.3156856753389514,-2.36996177234534,-1.0540753992720584,-1.6738786635901621,-1.0548710896578763,-1.4590689284390486,-0.6834961196994308,0.5352448523782811,-1.2407548658663161,0.5565846834584764,0.9621765353093895,-0.9335909511251625,-0.21347065792884515,-0.17746909303713018,-1.1596983185072742
2.461137015268445,2.044543871842454,1.5380795608156923,1.4385682220019977,-1.3126312791867518,-1.426710041380267,-0.25905003904290225,0.012343514178434887,2.015445922499845,1.791179886915651,1.3032474608070455,-0.9493651415737498,0.7148039035260347,-1.5909655089972297,-1.2953558231635955,0.4188142869233505,1.6303070175078913,-0.2663072998325891,0.26428492118209046,1.2918011252232136
2.623963517342782,1.9742000044042125,1.6842864120249328,-0.2934258967422474,-1.9204561602732004,-0.45682099424915534,-0.7987655402505716,0.894680744334286,-1.2081305073070006,-0.9972315897681212,-0.5648175935862099,-1.2068768629521267,-0.8039882899159091,-0.34827209664393194,-0.024518828067419368,-1.4482728027859493,0.17379947656009667,-0.15857823640533522,-2.2462537336395654,-0.11150115062195134
2.0446809093326115,1.5850295354525903,2.7465627890807713,1.086241623887701,-0.052268646860808586,0.5206237280246846,-0.44633209985606204,-0.3533827691508011,-2.0381338589204043,-0.14157560663319885,0.5150457978752676,0.3789897597312318,-0.3194032670951902,1.3410659584360842,0.9786909818324224,-0.06303991568324438,0.23460943203721693,0.9650661055176062,1.0982179966655166,-0.8588751544425595
1.5949822346439406,3.0821753916065595,0.2629455271031915,-0.2104696576710027,-0.006246584432665832,-0.6469765310231181,1.235245497830433,-0.5238115453973554,-0.15599426912650602,0.14799646386278995,0.03148339454774787,-1.3840523655544947,-1.6934484731235588,-0.7022111108575062,0.2004668779787432,1.3328848208688497,-0.12982622631353502,0.05226492114763206,-2.149029493576519,0.12759811982657054
2.6979443744104286,1.3565962633305086,2.580974923251727,-1.9071124067595537,2.410555696771371,0.4176825703338422,-0.690435705130109,-0.9193477238993615,-1.2816889690329685,-2.184144953841585,-0.6956781255967178,-0.27764879787357916,0.7076156556354333,2.4062651621483737,0.17951372081326436,-0.01780912856645039,-1.989165945273862,-1.7864799721690598,2.2452458474962156,0.02377324821028704
1.1606391885283491,1.3770259798291713,3.0603404520819066,-0.8104509765741453,0.19609318854221267,-2.4751647386903124,0.13223081528437794,-0.41530756025974686,-1.4049463990232895,-0.5362564469713743,-0.24913128025117892,0.7513328578428273,-1.46387523235855,0.47970744575319074,-0.02954199483597552,0.9763348320296966,-2.1864984844115543,1.6112801881288732,-1.4245394016339585,1.8003500345863623
0.621421275776515,2.3712464685693946,2.0187075577875717,-0.627563875189096,0.30952954795756593,-1.438943466320775,0.5062856661280275,-0.5941164852432849,-0.24836661558800793,1.2841511615609695,-0.20673868322530092,-1.0021968662186895,-0.5185081439214607,-1.4357128998370514,-1.4286255151854776,0.3279141314338515,-0.36224346079150843,0.09250461424711955,0.44107529876612694,0.2619011060487826
0.3444933093179783,3.8419543094980657,0.5684258139883258,-0.6070968974955423,-0.1392490927127525,-1.0540061078685348,-1.1595561616640038,1.1956882525444745,0.6324527587076455,0.49230876794133965,1.5808676022890082,-1.4825021136517431,0.25216188333112693,0.5713946670202199,-0.766081544598867,-0.6776975623864314,0.6130040305865226,-0.3450193192817918,-0.09527381829253026,0.3509997761072648
2.969569467296936,0.9606423610827639,2.704920602429413,1.6100092079446753,-0.6485201946480338,0.6765870654051421,1.5234291515166312,-0.9698891548195077,0.027862136009099966,0.9933865167913289,-0.03315428639957232,0.6423415873034347,0.937140299698192,0.0007915342773357563,0.20596861851868292,-0.15432462724003726,0.6114376204248494,-0.007808736976563847,-0.26819721352906023,-0.06015133402046933
1.1954460461960137,2.3867457096441473,3.0514447596673513,0.3499027769561042,-0.02192529655054969,0.6455533502343529,1.637011856717885,-2.672182069334014,0.6765178981124111,-1.4318137093324352,1.1200987993360114,-1.8039833514087893,-1.2105949018362274,2.0911972880746847,-1.2484350913336442,0.2872717744334905,-2.059563862482291,-0.8612732254388615,0.3750366023432477,0.14505826141972217
2.296524643420299,0.7101916162793394,2.976838011403345,1.1437545556798328,-0.1690209236868112,0.996682239425992,-0.03517759474129326,0.1535927190836966,0.3217586545361374,-0.6136672423068753,1.3094402306162851,0.8484650460627502,-0.42753777593464387,0.580958171468174,0.6823970914306238,-0.4389826943041748,0.7164903172036687,0.10829638125264124,-0.38184577781871937,1.7315354820078748
2.8773874799046033,0.9386752439844541,2.5423770222161433,1.9472549299912223,-0.5602724643918874,0.9572023680596063,-0.11620949674839486,0.13688994281668418,1.2470686367225838,-2.2637843822515897,1.6261069636056138,0.062327323836965876,-1.7930783003247612,-0.8486758475593075,-0.15081195240542017,0.002958832265314062,-1.2404536945469402,-0.45375374771959204,-0.8184914787354047,-0.5333245065016783
0.5635684729772479,2.8298710593376093,1.3841759718392046,0.07969909494003101,1.1064712478434626,-0.5398365915126744,0.5824808196133989,-0.5007597878795772,-0.4770726592408133,1.5351772294810124,0.2955069918116522,0.3382400465547411,-0.20562500405296416,1.3006121731685811,0.5600375438780563,0.8979635990266236,0.2886302929011791,1.5268603314884768,-0.09756053972341074,-0.24519143882714575
3.8400844202631825,0.12417118115868875,4.1041369679083015,0.1345874213686477,0.6323426048097129,-1.0988946076511843,0.43314069165940844,0.5730407864820243,0.44533095008341006,0.2906402984620132,2.0444383956810586,-0.28870469196116555,-0.5815011443440649,0.4330239212635541,0.047281670664072274,-0.4366187438454335,-0.47378518434072003,0.6359139551799073,-0.86168151516008,-0.18584077249484143
3.057727029559371,-0.37600993598585886,4.896468593986605,-0.9979128153992425,-0.11737715401212907,0.5281527109510037,-0.6644642323513911,0.25102939266480595,1.342481017110504,0.8137022824626436,1.5202529679729126,-0.3860854265847656,-1.401189054757122,-0.9528002258390832,0.08516850605407231,1.3216804300916254,0.3424792965051001,0.40017944689813356,-0.04656778554911372,0.8790993440323203
1.51385435589164,2.5970785047435525,0.9031361998299599,-0.27789322933119526,-2.254846829606002,-0.32205509461737925,1.2913718447905227,0.7301796345880541,-0.9328787608387157,-1.8703433279992205,1.4841172723484561,0.622510059856257,-0.5506684034340389,0.4744973736895754,0.6941829677377227,-0.050425936374486946,0.9438596172581677,0.6607441132805679,-0.06068165872816682,0.8548515713316687
0.8797455698383934,2.693181561962355,1.5006068536061208,-1.3686538742180079,-1.9978079499464665,-1.1330371515821966,-1.7680260855248762,0.22287080010898971,-1.5076373794486786,-1.3469184046845717,-1.9805367550370436,-0.9882755991340662,1.557485632933675,-1.8413689837471874,-0.17231910016927443,-0.9436096460675456,0.4366830778548948,-0.31954483065629213,-1.4632350468030604,-0.3142897159233339
1.7400695336634702,2.3218702575968018,1.6422366886011805,0.2805219939323515,0.02550274309144234,1.386811441377639,0.30369521636686014,-1.531317734225163,0.709886173311402,0.46536733353422655,-2.1755874907115307,-0.20013276125838292,-1.1256246582260325,1.3555031069506023,0.40603637026299977,1.1903261791007198,0.582771496556528,1.0497075446471653,0.06627955488000883,-1.544035813680982
1.8628347761698976,2.6977203493986863,0.8414703789226821,-0.20082285520356496,-0.2584380807431887,0.5881390280163104,0.49188122387113453,1.2013395772960784,-0.3244462550308358,0.21288031781193392,0.29544273754009015,0.4394467485107097,-1.1790968723768878,1.3096421132179243,0.15535394488518048,1.1710357062982437,-2.4460953455993417,-1.4186154587004574,1.0689971446114177,-0.14273661948869307
2.0818562328271577,2.1917837074032325,1.700365840326511,-0.5925556656186494,0.11469916059541524,-1.4391076053500735,1.4949763686523367,-0.6872003722354888,0.12298533614817068,0.5770934552004079,-1.5261027071612292,-0.40887593512852816,1.0465856426745612,-1.1522103991600872,1.4074835856641867,-1.2885205577199819,-0.227068424694191,1.2731224409857496,-0.18420898194845117,-1.036195098483394
0.5053218323677324,3.2412934789970373,0.7853341447955673,-1.448224574384796,-1.1616791774371933,-1.8401296028171328,0.6598946574114117,-0.05792178330145006,-0.9587814758347066,-0.19861506561430609,1.2492090653674865,1.0404097140472008,0.7336681334011803,0.9113455148229532,0.24892763940795004,0.5332189756651835,1.3737210448589632,0.3382182884427061,0.0730659897514157,1.0469316440980743
2.957837763366256,0.25760014401399967,4.14208198448555,0.3873183181810866,-0.3983037027222662,0.364984840035464,1.0611081783385374,0.6569887232207487,-0.23708386814493124,-1.3751483758754408,-0.9139924187350777,1.0097238058236995,-0.4796053295102816,1.627749858182691,0.779669883151345,0.5565282492569988,1.1528619500455148,-1.4081281111329642,-0.9373776023488468,0.21381499567827122
2.9799155137405355,0.02090779351944594,3.976227077734884,1.0264905185311268,1.5122087076183641,-1.0367477961894105,0.24557099623756926,0.6096939088612052,0.35461316608434645,0.2977233473762525,-0.9588735494963075,-0.709375820247775,0.6312239013763148,-0.7144870261232923,-1.5652349592353565,-1.4929762661416273,0.5784865147299187,-1.035132189206511,-0.5706109132410074,-0.2757163879701411
1.6511506520668202,1.8134371361674715,2.1310944698433874,-0.0873739360292172,-0.3858853072757936,-2.1742762099679367,-0.05685270561677302,0.20802589449799078,2.11377869034547,-0.46525458024182276,-1.4433619134132816,-0.2941599116297192,0.09585781016042809,0.31727786179428547,0.7867875829631154,1.1895959341765152,0.04408120776787666,0.8950021177101282,-1.5169855183686898,-1.1618131447731224
2.42894122368451,2.18223811179091,1.7359313489929589,0.18175058817591905,-0.5005711999641768,-0.818664262122185,0.0863198601243302,-0.4571555769797683,0.7783488405221763,-0.11665732686850216,-1.7586601426955006,0.6032754237557311,1.7422971726241665,0.2318385860902691,1.513947710096397,-1.8693574174454424,-0.4485382458329538,0.7117388078481365,0.19925014327504617,1.0414425803716731
2.1923086265815606,2.2593919531978095,1.9763372746212167,0.5668154346898236,-0.7922587164574458,0.7821709405345253,1.4744765383317557,-0.007124550296011481,-0.06447182104533225,-1.847718826712977,-0.40405139930383843,0.9879505597962848,0.6019515241647315,1.4298639956704216,0.3836636917521805,-1.8746742085774473,0.654507616415436,-0.21028909520579994,0.3959089260637654,0.9910056457295371
2.212761145200118,1.5354613449922323,2.25967577046081,-0.3360973017050465,-0.3040051076504761,-0.3270032389091447,0.19980288997707607,-0.1601121602212728,-0.5606788462433063,0.47128995066180335,0.9008778013508993,-0.2889565715045222,0.2153118572890767,0.8719059572707832,1.8190418550508196,0.28170169419724783,0.8887533502854915,0.23276198996376282,-0.035686740322066125,1.789040108257053
3.013818103296505,0.7535501900725958,3.8692371085565473,-0.0759023718775846,1.205310454921718,0.7424996132985461,1.0387257112386683,0.9611555075345005,0.06843894387363558,-0.10955818729215336,2.5346724383518553,-1.058107427173697,-1.0214271827683363,0.8834838566189007,0.4639960132794883,-1.3841717784442955,0.15535939844542684,2.669277178864186,0.5344374119864063,-1.45154655279627
3.3187688742977803,0.20900139083482783,3.837379564531257,-0.6729665682142436,-0.2954937399470569,-0.006307617193167652,-0.029034853530197826,1.7525936128968427,1.6221316488097461,1.924207201864106,-0.2191308519449211,0.3134053726204691,-1.001163672115566,-0.2652546724928144,0.7699496668997873,3.218128325884179,0.1329203666138205,0.1899089266943083,1.6000691464089514,0.431675758504215
0.8061804460131394,2.731019513971845,1.5245401424990144,0.9830034324828293,-0.36754255158034715,-0.9511044091389578,1.18297288676887,-0.024977694064574285,-1.5403637804440506,-1.2281970618866367,-1.0355842597142049,-1.5655938361657868,0.6736647624516742,-0.510640387518139,-0.5349021240233844,0.25860192419049166,0.7957109883974243,0.677424182193559,-0.7928655105755487,0.9635679915170973
3.7764250008019298,-0.20273141834966513,4.247274920595932,0.31136031066564923,-0.18103106551948228,0.46671944192994075,-1.6136514862258144,0.9169007470933689,-0.20109601189513598,0.38864035034716043,-0.7637919724766837,-1.0432341447863085,-0.8971508199254709,0.051139539838033106,-0.02739491153053905,0.3534292015634902,-0.2483090399210993,0.4730148629814509,-0.18730472810796464,-1.9411421400752198
1.227657458947715,2.503086887355045,1.6576616026511621,0.35815491014874523,-0.8387808141316986,-0.09618206870468234,2.0272069329808526,-0.9075531400689427,0.171762928613633,-1.517034647065465,-0.9051211246781329,-0.5891845007079651,0.10809799773194137,-1.4682639085192235,-0.5254603105507109,-0.9438179083333178,-0.5199011119967484,1.1998754506349607,0.011822101656218805,-0.7571282956718306
2.6121240730062274,2.1597411224174436,1.4333444761495613,-2.038839960592596,-0.5575644652551409,0.223295223003059,-0.24154235388602696,1.7277131826916399,-0.8291671231663672,1.1069977286782906,0.5126948304668971,1.5205455499905662,-0.28374464031451474,-0.6914767474980982,1.5019551894374181,-0.3223650174023007,1.4179924131839183,1.0638774768228396,-0.449533728729194,-0.8222236377787461
2.022206692782922,1.951097417414765,2.4823607615730325,-1.1970018134653988,-0.2864141640249063,-1.9702141252519552,0.7509041486691375,0.03921037623010029,0.39021719420579637,1.031174756991626,-0.4674971629636478,-0.6635275467271604,-0.7290435232268137,1.4599767459475625,-0.6413742661286006,0.6391773495989106,-0.46708228216495484,0.6808552281617553,-0.5096211360549338,1.3322686045705594
1.8615851535268038,2.8052722425868093,1.3249814540527798,-0.9038750324888795,-1.5771439600101433,-1.482114832301093,0.4763582723718434,1.330125254273164,-0.3285294255458734,2.2960376549668604,-1.3713583500583584,0.672666318117137,-0.5506187476321212,-0.43388765857692235,-0.27015539481386436,-1.1990978368140381,0.31964174804750356,-0.08919575324974748,0.7502323279346406,-0.06620507924578622
2.4903879288825097,2.6601795876297922,1.1873428675520448,-0.087815326272855,-0.1858782450465349,-1.7231831719354755,0.4464658511491701,-0.7175192398622642,0.14516947366709623,0.06060982803147971,1.63192926267493,-1.3897471089946154,0.25099003288405364,0.16499364821756524,-0.006390954033393366,0.834608772093382,0.11795258394344325,-0.21502438060211948,0.49966308078192906,1.5699248612305783
0.09379759668625787,4.2176466687372685,-0.1579495144033256,-0.01146663916418555,1.3390251553058414,0.5680359121171125,0.35420829687146793,1.3327679748465506,-0.3500358714555789,1.3116928137252235,0.8789781493472342,0.5145708596121197,-0.054035698429338454,-0.08739661012701583,-0.8229412452854928,-0.49108723068386645,0.172115742808937,-1.815550105881684,0.27163185907302656,-1.0560567392926608
2.5248198832618365,1.6240197283822906,2.0108434190130757,-1.3497933890667877,-0.4741737888105747,0.885450901149211,-0.2012567675399301,-1.6464711301645782,-0.3980818456775192,-1.2344136701779065,-1.4093713080522166,1.3707544194243964,0.96273469662627,0.13340028878392166,-1.101062806380218,0.5743367357441405,-0.06584532911871134,0.26611980919957784,-0.5303694293889589,0.9177150946600593
2.7874895338377463,1.6712523118681675,1.7474307641207272,-2.6899582641583413,-1.3746292077413813,-1.2984134890510528,-0.13628987128927283,-0.48906294024660674,-0.6670436338343855,-0.5995182411249939,-1.8323510220211134,-0.7569274923375351,-0.8024235104361769,0.8466836867652646,1.1745662353257347,-1.0943195594375448,0.018537057493199977,-0.6072370354375564,-0.18388999102313627,0.9309639057421321
0.27444396396804827,2.9600813633058696,1.312375851912011,-0.5101186192728031,0.974921080324718,-3.0981633007037015,-1.161621309465868,-1.6004847493988232,0.6586047665660646,1.2299611860031632,-0.5910260762490094,1.2140551134395279,-0.11047464266251796,0.0593227622262837,-1.1833680952148842,-1.9731138471344642,-0.7504158301000945,0.3348865734329254,-0.5410606880303802,0.0697154371903017
3.093981064855035,0.287624413049991,3.6523472373910986,1.3436493378314858,0.24291920502421355,-1.1794081388108766,1.4970651974987896,0.2534557693775757,-1.1725548231090244,-0.7857918724828951,1.8716318574435544,-0.1833814061339996,0.06447752720855052,0.6676527868243735,-1.6252263162029306,-1.6315035197766985,-1.003603564807473,0.8007466770243653,-1.0622592963782276,-0.25039189995236927
-0.3044550987275103,-2.2817197710145103,-1.6286662285184883,0.044046071544007234,-0.08570013995987324,-2.565714716396412,0.8795270136961244,0.2511989537083924,0.1025552886080037,1.0716210487105216,0.33832891850301944,-0.2860571672350245,0.5106697426526026,1.0468715644577606,-0.041507869069163914,-1.1655561988932954,-0.8270939829835593,0.24494557131375588,2.042747485926323,-0.4903271566725116
-1.49843592000417,-1.8218470638113318,-1.3290939395603383,-0.593714214135862,0.7536105374330085,-0.17059979031159517,1.0781601256543145,0.24386684999004218,0.19988515466096485,0.42497553845213937,0.6711204775893139,-0.07807827449373562,-0.5711131507814943,-0.13718427809687267,1.2856983493659984,-0.3923208685017801,-0.954002499366953,-0.45788390931781503,0.9692974010973322,-0.3746190971741126
-2.098409916416292,-2.4327163692315734,-2.910463402083407,0.47128098883683295,0.08617213003354297,0.8800294656647145,-0.46715381090949903,-0.8272053278661529,0.7491060548167363,-0.16889029028860858,0.7283222072377632,1.8896390554606834,-0.12782965127718937,1.4633357598266523,1.5748827637575094,1.3923734282326543,-1.3055506067565048,-0.27197725870560974,0.6716588059302914,0.28924983067661125
-2.505397647779628,-1.0168169712595243,-0.39292520427147526,0.5423708849481105,-0.7068718389545495,0.6957680268477335,1.7416538097590557,-1.1107917654763295,0.0921472440452053,-0.27444595901110275,-0.8965594554473738,0.16391162636901202,0.2831753043835105,0.1424685794149366,-0.2906817678640443,-1.0945829291642164,-1.29129607988519,-1.721893479346938,-0.1527792663595367,0.4053505150442675
-2.233597306941042,-1.6341809730041472,-1.3678652045992905,0.72030006812688,1.4437248038535546,0.02583894219636468,-1.6607044964953983,-1.2752446522149676,-0.10217592183885027,1.3000413179892365,-2.3403417160361437,1.0049759996531817,-0.8594414828016961,1.4013880951298425,1.0027025695933727,-0.32544630274024555,1.2371377064149724,-0.2031995561066953,-0.887648142735113,-0.17338978479711867
-2.371889563295359,-1.6880278266216484,-1.5910608255503722,-0.6250772636171962,0.67840117502771,-0.868180706249897,1.1297639611666128,0.9777537995451043,-0.11706818233217749,1.2665333302317512,-0.7234289591331524,-1.4671368255368336,0.7972384918930817,0.21036193107270593,-0.3435399396882589,-0.676040548097699,0.63934057707372,-0.9201368110930953,0.6966372157006357,2.161228782760482
-1.2823218504133105,-2.08443080400894,-1.7356272760675764,-1.812038659072837,0.7609905131666022,-0.06639644741822616,1.1074188274736763,-0.6472406591664056,2.04547188864985,-0.1379384112431957,0.5790989107970212,-0.6306973151045397,0.08128287103167266,0.7117869519673383,-1.2283022643668704,0.233241154785466,-0.18296998007157925,-0.30539812441305036,1.0394461360960647,0.8343694839188002
-0.7260523100646621,-2.356840032145816,-2.0121442695780356,-0.5607056858678906,-0.9426499742291263,0.08255307007301713,-1.1006417818556522,-2.0464002240887718,-2.212472964735333,1.593574603764141,-0.7238462786168586,-0.7909804990763177,-0.20424737298133222,-0.7698762108062228,-0.0014312757395219086,0.14397227671566618,1.3378328629700393,1.0137583732400801,-1.2498793100746293,-1.9102776655206637
-3.112045009196451,-1.9650151273091812,-2.611270258840978,0.13333924279343387,-0.6423201573004211,1.116320031958103,-0.1427330734057307,1.2213810083333585,-1.9521297700279243,0.30574192267665207,-1.2547729021427414,-1.0265694135701076,1.0913329482593137,-0.9537009703477485,0.5731277162124155,-0.4497998788804229,-1.1143020493994664,-2.469180351187425,-1.2517376316599451,1.1430251843907808
-2.558199959430106,-1.489481778548672,-1.2958256487721236,1.804335792817022,0.8579474324617811,0.9982954071369915,0.9013398105623449,0.07485515701582572,-1.7271142189429967,-0.8699411995416416,-0.4542987175302289,-0.16551183220207866,-0.3060773649272748,-1.1686355274997433,0.23247958697414914,0.9214265959954081,1.1955164356225731,-1.148166422915219,0.3186748218359737,-0.28531341145476274
-2.563012283270357,-1.5241271930496167,-1.3650079395872754,-0.7771079386115418,0.5590798899196799,0.12984355939184067,-0.22797523904230743,1.1973510878918971,1.221357710546912,0.0943732679415333,0.7772042250062605,0.30780700281315027,1.3256145880462578,0.6719907210460849,0.6574305067754962,-0.39502241450316905,-1.6475468171006913,0.11587710745875116,-0.22682541264273784,-0.019088029184547384
-0.3545852135560774,-2.3823679829971,-1.757658818280063,-2.0249327081195205,1.8597362851095878,-0.5580373195370845,0.6598387143327721,-0.23266380543628976,1.1386879728783776,-0.9486325325173036,2.5326160832360256,0.05952023282557424,-0.7999357288036716,-0.28976544327525283,-0.8022107423727042,1.64040423714742,0.15757702087500453,-0.35702749921481947,0.694096998683145,1.1175995471867217
-0.6955715030399039,-2.392797776001466,-2.1495740856944066,0.3342698123425836,1.5265553303562645,-1.302553910878491,1.6061708144927307,-1.144015149840019,0.8245914878983893,0.2746055510147724,-0.45773390146622744,-0.7271528907776923,1.5174545915880793,0.9242843982047407,-1.4729912413428479,1.181397729756361,0.13472253885926994,-0.22648435259696573,-1.119291596689772,0.5655354277787138
-0.8472991993841197,-1.9795346257153037,-1.316972797111542,1.881618811275703,-1.2702941363501123,1.3005338405386406,-0.2689005834017359,-1.0623097374827657,-1.360970975999626,0.8493172212064478,0.2361886367100545,-2.040789372926804,0.8694969047573698,1.404775133586637,-0.5744387423035969,-1.0262648903990423,1.7356777206525005,-1.341182505630487,-0.9671031526293353,0.6468972483304575
-3.237859765069559,-2.2221824757361164,-3.135040441778489,0.3349441628266587,0.02734516400745402,-0.7691916695748331,0.33878545767376705,1.678010426910294,0.01419080405550126,0.8883468186835861,1.336294034499955,-2.139905776370703,0.7739321349778803,-0.3001399604145682,0.08072065040456844,-0.917090701056449,-0.9503160653705799,1.3892599033631263,1.861739782565426,1.0499107307994933
-4.913857234058107,-2.251466479832333,-4.16753614229169,1.8892959472104482,0.2704692519871312,-0.16889631781559516,0.20017770628075965,-0.5536223246604048,-0.35406551909382,-0.6768468654917454,0.6095037400953779,-1.207845516447536,1.1787337415025956,-1.0880666958499625,-0.12248991557433313,0.8385537712376512,0.029449837426139696,-0.6794601619227764,-0.18307649656982347,-1.077455669041215
-2.6741474799831737,-1.9353176935045922,-2.24505812254328,0.10026246232626451,0.5650716091169808,-0.5577442698665658,-1.4886654342960068,0.6901867749615173,-1.9461295624468737,-1.6065776680351234,0.34469036727064434,-0.5548456904255873,0.34397361941453364,1.1640379786585013,-0.6886419339569717,1.476164899801595,1.455561937205949,0.179405934687227,-0.04982295874749159,1.7928476015548944
-1.9760515980221869,-1.8557114468842828,-1.7269682457554165,0.36760938611884497,-0.11063075280017422,-0.7796461674449882,0.43543268233817845,-1.0237246099537463,-2.0339220174166126,-0.08567637118607976,-0.32599559009572504,-0.1928724528113886,2.6047426106018703,-0.5779368210789628,-1.0227154692457308,0.7053817080807465,-0.261550294748958,-0.2895423985001732,0.516709153343854,2.1525570604417235
-2.055239246722137,-2.23411300439633,-2.5277017829188004,1.742081811260395,-1.5130348417188522,1.7199853902822884,1.4179810918281956,-0.5086575045924734,0.7823646687907729,-2.2782253880419003,-0.1728843718087128,-0.170371204869509,0.08288526709591729,-0.6126414845362085,0.39536873190085786,0.5247350115119921,1.1870831342063544,-0.2097141756689744,1.4768182807352364,2.9829875102065864
-1.4951317284343193,-2.003485127390853,-1.7814238799383335,0.8516444565877023,0.6521508891695185,0.620358703623997,1.4149774015577008,0.8720284251141612,0.4394055721358412,0.5395980105176836,1.428831022263613,-0.4158612154152897,0.011715627358032197,0.12468480654195196,1.2497815412437687,0.40115574916110736,0.2958618820493004,1.78365753488921,-0.7514266426907693,-0.691570074117423
-0.5757315288577352,-2.783646822893831,-2.7044009907435407,-1.0439392847867486,-0.4161708169668861,-0.9342896335736046,0.040747689289203276,-0.7449949760507053,2.350952153973199,-1.00327643727474,0.9475927400936442,-2.4250713942377966,0.7397386496826464,-0.5525950390057671,1.243619442679751,-0.13264316951672142,-0.4395281384462468,0.31894967662435353,-1.4442430812467761,-1.3615667374569431
-1.1664502629001632,-2.2029047095679477,-1.9420722163078004,1.3518744008875352,-0.03598725823375232,-0.2654199906878199,-0.29897173149381073,0.10740573759600394,0.488473470162306,-0.1721873149047465,1.287546329286392,0.4036598339348679,0.0892515424242242,0.7198841716899234,0.4009076877597427,1.241490950049632,0.2033189825307693,-0.24380205706507146,-0.764216102606831,0.23735058048632984
-1.2979307250354064,-2.08642443261072,-1.7727243250435565,0.14915025913799693,0.09274795786454361,0.9934823127831616,0.9851973122324703,-0.6659630587486368,0.12785146366783534,1.3893478333153129,-1.4603670831470235,1.0512432921398085,0.29673527280632805,-0.7926666677866596,1.1897730451949278,0.15579750865421096,0.8215323081792515,-1.585928531745612,0.4148919063273289,-0.4383205542400898
-1.3601368963274907,-2.0343371909202492,-1.6490155384723137,-1.1662565896812407,-0.6587348698911217,-0.637258163577605,0.5475008643069413,1.2915610035660525,0.8876163290982358,0.853410753506339,0.12358624025012951,-0.6549333951333088,1.3836249434993673,0.92472880011599,0.20062602358704645,-1.5093080552784461,1.2010533164073585,-0.09871038551907443,0.481327440451901,-0.7276825643280963
-2.83817051724375,-2.76846642404739,-3.9875562060821412,-0.7086558036480041,-1.681136150370411,1.2933549531893116,1.0466479751076594,1.793591055879462,0.4801607965350221,1.4094970612244277,0.4241980905637384,0.8338913053744271,-1.451600524242686,-0.029151494281042883,-0.6339741106252522,0.4782724693624505,-1.4598508258482867,0.5737166847231809,1.1155059801396043,-0.07107119285689788
-0.01660434990880466,-2.5560084126637688,-1.958941367589009,-0.01945439915056306,-0.9664761645250984,1.6776668106192676,0.5604976891773481,-0.03827570928828926,-1.3791832966726814,0.264066508719353,-0.3996017204114929,2.3708933935465497,-0.2318532429476625,1.6469757203038864,0.19671938041901624,-0.22108214383474875,-0.012956216688288759,0.43258839173347563,0.5441239024765745,1.3471647843272967
-2.5615945898862784,-1.7110556199211748,-1.6817153953579507,1.5847892887049686,-1.0549610846732045,0.38038745225317394,0.8408922149388632,-0.6450234384470043,1.755195341376294,1.8618785997827278,0.242046037071543,-1.0260345075312083,0.2625290695817838,-0.5763999451727424,-1.6851705732835516,-1.465501978619526,0.19837761228669926,0.12051965844358015,1.7411645311398374,-0.2017626398850143
-1.399795443502811,-1.670527182222496,-0.9701975330378068,-0.4370577245562133,-0.588714815536712,-1.5414433589555872,-0.3478432339432473,0.7764296813576383,0.7680655927272239,0.1488640897215549,-0.3829539630544827,-0.1078931716209523,0.7171586577727164,-1.8204275328198518,0.2338281301722049,-0.6463897244035501,-1.4208780791924498,1.6112296797186398,0.4137026767123654,-0.6811416682818361
-1.4048080516261514,-2.016884437576424,-1.6437480489726837,-0.8442674477733533,0.17765836718651093,0.7786778782114039,1.7571017415286105,0.00996619572426656,0.24299791863543072,-0.6720551085102965,-0.16203871666842504,0.2682415329749291,0.23773942053407057,-0.576048457893475,0.251491093867672,0.37587686152607275,0.024892812529386913,1.2418413788013194,0.11032889383756311,1.0287552351602436
-3.764938940254802,-2.2837073899263496,-3.5966948539053187,0.8675525609662124,-0.49317714303205745,0.5829103757548696,-0.16605376821435708,-0.6938692963788753,0.6286224080352326,0.1782530183371922,1.379340362640158,-0.8066003954886365,0.9990741437518649,-1.0671154599070176,-1.2603998907653386,0.8511946344628916,0.661816616056832,-0.6939800910354845,-0.6561520373192691,0.30383966487247926
-0.07374424503620847,-2.4796086863687528,-1.8388849378012744,1.0654502808668818,0.018259848780785234,0.15865539455865765,0.7467170055559398,-0.3822598671770541,0.4085015068654411,1.6541782200095585,0.843063883782469,0.45477793586263193,-1.5070193789296567,0.19030895134610207,0.4463261618772093,-0.2947784942490499,0.4440037580158317,0.22744824357357704,-1.0063122050206064,0.1302095294339978
-3.4260823740543422,-1.7105804739247155,-2.247102334208006,-0.5912415066488088,-0.44053177786392655,-0.8448768244924956,-1.329389282265957,0.8818198354034925,-0.26900301935648896,-1.1007683633130187,1.9280733261190208,1.2242008598184164,0.2503348545124006,-0.4238456701641052,-0.0858265356507917,0.8053019281937385,0.6161209334382172,2.8949512435406755,-0.6738352034731417,0.21731293521432382
-0.2493227198299559,-2.272790434214851,-1.5359359590741577,-0.27435430878661454,0.9899670473551753,1.3144304462548122,0.5458949960754905,0.2661463724217873,0.9093500631796881,-1.0964576489633795,-0.35400901568499654,0.6273404481837789,-0.9352583897290868,-1.356188550519733,-0.6625445823771997,-0.4271892278456982,0.08408841906357732,-0.12232243546557968,-0.6551232354022279,-2.1672844168604244
-3.715881804944133,-2.709134051997039,-4.387840806820763,-0.6844629946457599,1.2317860558406406,1.3186903448829967,-0.43391494925693824,-2.2620486006487415,0.047580682416508806,0.9343015392773896,0.7667425041177024,1.4786802244319113,-2.520229872014322,-1.5793866181069882,-1.9380738551185448,-1.4710392745999326,-0.7876373876235013,-0.988683437015544,-0.02763464908109286,1.9064340790801222
0.01511325586080714,-2.881527646746074,-2.5980120247373533,-0.452618029883274,1.295215745712058,-0.72894827955067,-0.3833631706469205,-1.079619474027681,-1.2615954118610426,-1.1100393848893604,-0.10271979155247461,-0.7518282844273563,-1.7836840224276498,1.923128848523514,-0.03663031453864212,0.25443562075287063,-0.20872340003547332,2.0767731996350434,-1.3177296179534217,-0.7545515966934657
-1.1692996417855843,-1.6513990004118728,-0.8535217518542677,0.4941220029162126,0.6289440179059356,-1.7079579378974785,0.5820610708751252,-1.0327473519274717,1.208400166543201,-0.19826057099484753,0.916745254734837,0.03916938489831078,0.9116752388933312,-2.3319311581414355,1.7044658276190943,-0.06490459897508966,-0.8059998316170353,-0.7785148921320958,-1.5358321766067748,0.8990658265925228
-2.301892256888512,-1.4968924956592211,-1.247339612539689,0.36208599148280496,1.1132634373468249,-0.9617275142285799,-0.22483624695385418,0.39899364557469635,0.19321615768718994,0.9833652157400989,0.733068341823643,0.6350207304718118,-0.11380452413643123,0.5903269051666684,-0.7785236225826062,-1.610602987315947,0.447229912161894,0.468006280614563,1.009330754144519,0.316362417166077
-2.3088026736048985,-2.072231222257184,-2.3058522425425383,-0.30661307747040645,1.6089631465877887,1.3581392019643874,1.0488003489710638,-0.602402258716455,0.5070726382277172,-0.2313743367138409,0.11788607851161861,-1.2836632814442528,-0.013592490263199657,0.24303088990861002,0.4196361703981384,1.596066457114136,-0.40430754820277653,-1.876301500658121,0.41524275577879877,-0.2449425037207529
-0.3758566440414215,-1.7208362486586117,-0.5906122036501833,0.568935186627728,1.178699756542141,0.6610936440793014,0.6755450199013072,-2.19956286240365,-0.6208557385678748,2.5634351546684773,-1.2999622009728853,-0.5419102684367723,-0.5952255026743735,1.3003730618576155,-0.8318998955596137,-1.5185495793705694,1.57211751296851,0.8319469083140976,-0.38420848926468365,1.5091390421281492
-1.8761988028366838,-1.3840651649385434,-0.7771364109122034,0.18848890014287548,0.09248519231372136,-0.9181421897003332,1.3574241477805928,-0.14741957943969602,0.3494630433141741,-0.2345286918553464,-0.6285150046781409,1.4767477636543798,1.1320448631557343,0.9807795477866134,0.5391715597030924,1.0384197794643766,-0.14424829884888352,0.661796437940694,0.3230597247909372,-0.33737470341230813
-1.830617496256168,-1.9950025128729207,-1.9063297007059947,0.6694839071741197,2.0785628413703576,-0.08561079205678776,0.4635251309996965,-0.45743738647136406,0.2765253406834492,-0.7220248025215393,0.12244796177310886,-0.28626245041791415,0.8885673758697656,-0.9436981153311409,0.2575647345379,-2.1742053093132143,-2.000623057736609,-0.8124713836810827,1.0964889289434405,-1.6832139406665778
-1.2039112624096961,-3.0434176652301934,-3.6414557663738503,0.19471692632222812,0.307828279273683,2.023692844157119,0.6047691662426612,-1.0394820762360635,-0.06795690407465335,-1.5549026252157154,-0.3963612963037209,-0.4933131846158838,-0.8434415443565867,2.2712788220916416,1.1224950603301764,1.4779024796925906,-0.19736455860278557,-2.9642267535232683,-0.9882674236696779,-0.15277267833365704
-2.316795173262208,-2.156099954471837,-2.4838930764965395,1.9209585497452681,-0.9297665653824941,1.0562906311987743,0.7401173247084997,0.7704660347778108,0.4615512236619863,-1.695964522313989,0.014469185550308322,-0.5473603066723179,-1.904267653564038,1.9190344699527673,-0.8070542619288082,0.2646132154794046,1.439406088527443,1.1259469124524664,-0.666006888048532,-0.8064339757557856
-2.436051021022034,-1.263540658173507,-0.7562603697240102,0.7909194284057347,-0.017582565432307025,0.026671888540110204,-1.4761115540563723,-1.1127587866506952,-0.5480301785643136,0.5918842227098251,-0.37843561059899633,1.1854750626775663,-0.08313959999528373,-0.13715992355850873,0.5233525239976982,-0.6142881195016148,1.4851225851366974,0.05405220134018963,-1.3670341245270523,1.117280429306362
-1.998213513662681,-2.856294983603556,-3.7556430038275765,-0.2063256006122265,-0.824077795129833,0.8054757702320725,-0.5242496710086632,-0.09260205618090961,-0.06366393665882619,-0.09047002434237518,-0.7148274455661522,0.003529196388117772,0.8422457899734492,0.12323217398366762,-0.42034744012356356,0.08422736498942353,-0.4406531304265557,-0.5491097515088694,-0.5861752590070698,1.3462070163217192
-3.065696115724455,-1.941076306897372,-2.517995846613891,0.43885664404781366,-0.038594349841031154,0.9777487615986638,0.8424652457465324,1.164284223627735,-0.3938170342880664,-0.01794357002305077,1.9255487756492176,0.9555101198872276,1.1929587041981933,-0.005165714842547119,-0.4391554779669351,1.2340126682070347,-0.3673934081367622,1.1327728791105565,-0.22452143669461988,-0.7667896122618241
-2.091042591166651,-1.774253426693069,-1.6589839229760415,-1.679988723825054,-0.36689677842657,-1.069738542507905,0.22362697652646746,0.9301349476747398,-1.0118110974640675,0.8238766473084731,-2.352202084087331,-0.03689897248573435,-2.108222210769756,1.0974652446469229,-1.6330074139676718,-0.8482513934202508,-1.070230059126604,0.8163441012940337,1.3070829511502529,0.19535597723088166
-1.642296962952959,-1.6033392726960702,-0.9839571942257377,-0.022034211072328364,-0.22563385675448072,0.6258525642721319,-0.002582813774683439,-0.9701544577554756,-0.4194111732916734,0.2309090190498116,-0.2909916855912983,-0.42406046498387673,1.4044092104170862,-1.3558874044625313,-0.4731987632841867,-0.25617463156985887,-0.47097487683202804,0.5720746655222062,0.2080735400789616,-0.7023515688468901
-3.0191445424356367,-1.8146451917582378,-2.20145310201994,0.009876065121782358,-2.0565098029799325,1.2961609036545387,0.7308752556191406,-2.7384012874339025,-0.768844881756382,-2.018341008715884,-0.112814875467519,1.765935707851778,-1.143687321164526,0.660373226135379,-0.14535436755742343,1.4157986754732848,0.9195630699321274,0.6193561396953677,1.0262514302851313,-0.7389249256928664
-3.0353559176923453,-1.6980962611443258,-1.9828107955141812,-0.8019539308326414,-0.5198306869309487,-0.9656830053348822,-0.6654772771195614,-0.019036519450437016,1.4128947210705962,-0.172757316738701,0.02610716164173132,-1.1582324904233883,-0.3776068324370318,1.9665169986689388,0.100633666780494,0.183086529061913,0.03256405115585746,0.6635801430440659,0.31221752651327267,1.5412045987865293
