0,1,2,3,4,5,6,7,8,9,10,11,12,13,14,15,16,17,18,19,20,21,22,23,24,25,26,27,28,29,30,31,32,33,34,35,36,37,38,39,40,41,42,43,44,45,46,47,48,49
-4.687627229774813,-2.7452238963302324,2.536116965583725,-1.081760350409418,-1.7491504654994452,-1.1980943452846815,-0.9684338700176341,-0.2904599013526792,1.6548674555164005,-0.5544700913245536,0.5322071648729625,-0.42991883391470054,1.659168967615872,1.4065812404874791,-1.818490781883041,0.0485894884911299,-1.3114653637835656,2.881740767946432,0.5325266792883319,-0.5075999874902343,-0.0073038382582954154,-1.062403103989345,0.046858522898987245,1.2622571607962216,-0.851852401028551,-1.2319339575556176,-1.0142087204721335,0.8837521445765882,-0.8633026964458641,0.19510967077704855,1.206515748464792,0.8511631037283262,0.5924260137311238,1.687429753390356,0.26185872593199777,1.1943074481243008,-0.36270812905451316,-0.4870042904842941,-1.3277579489651141,0.5564455745057937,0.581485388591047,1.5012096215429922,1.170033136029606,0.813845009568438,0.08163763172194648,-0.35403089339696986,1.0003510800887716,-0.9137966388439213,-0.4237714316968962,0.04633668676448406
-2.7888098057420714,-4.674230785945395,1.3320603935613375,-1.3251251231810537,-1.7276762039076112,0.34347138127252586,1.810019924856663,-1.6740412880139814,0.3220099272750436,-0.6376371082891091,-0.6399075721362942,0.07046073435647848,-0.3832559823757362,1.7710994959331858,1.2717252199807474,-1.5053022800804226,0.40021828085840244,1.4098328016991444,0.01318760685079652,1.329649369100351,-0.26595325545646914,-0.026725304800047214,-0.5629009728285845,-0.018428059497529414,0.7057614866096347,0.9110721597145797,-0.3836836818727482,-0.7463033899836908,-1.1069104937250354,1.6238519232362632,0.15638472376379697,-0.6901128030016954,0.1963738923764986,-0.47762456391809693,-0.3589865685569034,1.416619361905452,-0.45019556714411196,0.5601344258473834,-1.0135315091340766,0.3232799723551663,0.4545646360993148,-0.42736957294561095,0.06810353509587844,1.3216611060764478,-0.909472015129364,0.6836686336654284,0.06384295872649326,-0.014987348088899616,-0.13847972398384825,0.17234622080760217
-2.829539603910362,-0.12548074141229448,3.6902818211208546,-2.4053812347618395,-1.9071273372872573,-0.07846690788251684,-0.24682064652587862,0.07631621275769636,0.9525452231952294,-0.011199631813171995,3.408771266674377,1.5758366133600143,0.07571858162636509,0.9697725361939631,0.30456192348088784,0.07523583435102067,2.176985807370031,0.43785602496965975,0.20868814449266307,-0.7001688214248365,-1.0395495468041536,-0.18300178463967273,-0.35645002960879424,-1.401052447976454,-0.4935903295505777,0.6684722957352244,-1.7351137803431822,-0.4931110811488432,0.3600212534760923,-0.48669404694558277,0.2646545272266996,1.035032446317408,0.7550394905098617,0.044806383907184194,-0.9477734412888343,-2.698913465889628,0.11017391437279454,0.11868991805052792,-1.2155186420396258,-0.9714702081355492,1.4197978080579337,0.7974115766944928,-2.168176235948575,-0.39148462067479256,-0.23725366247772106,0.20566019730485685,-0.20817269427694338,0.41961697345168036,2.0576660981981223,0.5505515751083752
-2.4391736194900777,-2.050097771450548,2.2580223676206166,-1.8459974921286273,-2.142586601035047,-1.325917494372815,0.12527235473098916,0.7335019026828289,-0.6529586671623648,-1.283246581511223,0.42431360861747724,0.7409762614335912,0.1415884642719221,0.30739402533275684,-0.6195589804106557,-0.3620616531923468,1.7591564732471097,0.5224903136020445,-2.2436181558429316,-0.6920858848289633,0.14517892588247966,-0.3095210985950924,1.17383385954119,-0.44505615841041035,0.2784259514263952,0.3324567188208138,0.035331330101511765,-0.5800359504552609,1.0802682370513366,-0.15761007926309328,0.4463556095012153,0.9339049627513125,2.188044401569812,-0.5469312730804907,0.7279876826899883,0.9833714692829838,-0.2707583469254709,0.4603637562500327,0.6821331843799185,-0.11328999713114436,1.0737326133720118,-0.6490997674835406,1.624905978433509,0.9722414035496248,-1.1775051552439286,-0.21207646293407914,0.14679826939576684,-1.0173615145412127,-0.6823824498269613,0.863185105071493
-1.0052555725552192,-1.960364956105262,1.6291180914924794,-2.972897788276367,-1.402324271463443,-0.1844650795819078,1.0113756790114663,-1.350259792559422,-0.9604558671937332,-0.9957825762381245,0.052420531304768,-1.8408702159815018,2.0073962422248206,-1.3487749436553549,-1.167809756419884,0.419108741209618,0.6743638317374149,1.0108116925654835,0.7488563149009129,-0.7220934237870305,1.6507072208060931,-1.0851197424815462,0.5737579236825083,-0.10891910825711248,-1.4141692190251332,0.750138083136561,-1.3377035080180197,0.5298185730596908,0.5976168400891866,0.1298153939824317,0.6684955732245028,-1.7900093911415167,0.9529107295513649,0.6504852023179383,-0.2047717208095489,-1.0778317292729995,0.6609308785100901,-0.3337497599480233,0.9181810657383281,0.6862686588530885,-0.440383421492027,0.4538674144262897,0.5665726643883999,0.9454963207977406,-0.8632597741269215,-0.3033443936033657,-0.014546065038851565,0.6141003521620055,1.5379726745822415,-0.9935779566414286
-2.682585381825704,-4.291854255223804,1.6208728975920512,-1.0122955793047497,-0.36850893557747666,1.3967090003187104,-0.1269784184077532,2.1006270962725004,1.4015148326987616,0.43314164594600063,-0.8906298066747437,-1.3909395935304674,0.7977699909989205,1.2538913010149717,0.7509664844067614,-0.07975192297031163,-0.043403742312912795,-2.053189628919003,-0.33909988904144805,-0.04034536957871433,1.6703965526939035,2.0419573114046017,0.38216690993172187,-0.66899390964862,0.011977834541004383,-1.2838455893626328,-0.31313758171463557,-0.2793621416588235,-0.47018565417800867,0.00012620382979277523,0.5167276594428828,-0.44192133743214307,0.1095345651513989,0.38442820544525796,0.08229459230553808,1.3319325588848097,-1.2024264032304464,0.16904178356237168,-0.9959793877520621,0.8844811876767188,0.37755301421052145,-2.5513836275398605,-0.07520681312421887,-1.7208873120736135,0.18117004156701066,0.1409167106754592,-0.620454218470475,0.3993530570924384,1.1221036826609665,-0.8682564708771189
-4.369307736678115,-3.1195730281526064,3.1989205841992927,-1.1956828773617778,-1.715656352177628,-1.1497754276751775,-1.1444358875327383,0.893628645284787,-0.45800554529637005,1.133571489942136,-1.1732113128236072,-0.8111651355860775,1.6469862278368805,0.5610234474171584,0.938424064091193,1.3302545221326303,0.8857941314383418,-0.12870427619923747,-0.12055475280088575,2.0667100324393797,-0.10134319081930096,-1.089418001985896,-0.22485061699434764,-1.454187489936575,0.34687823214859254,0.24289870907230887,0.13118725802443404,1.3793172784157088,-0.9998577779619331,1.2035579819405824,-1.5552332317574784,-0.22791070098170102,0.5837361041856101,1.3387492825676128,1.514982686492345,-0.20445931934452571,2.1064247653975,-1.4250285148943036,-0.37148448549480684,-0.878190237817209,1.1283407400864134,2.206804956789796,0.994446494868134,1.7364069411786998,-0.46269146319283705,0.017515449366571532,-1.9964648769898206,-1.2998306539006266,1.1943466611470002,0.4513417295244103
-1.0605383128478785,1.9317222624008785,2.848416488445186,-2.7901798026700066,-2.6692999193491094,1.80313151552828,-1.3845977414420427,1.5588912326493625,0.13025667051438095,1.1647994285997763,0.868072101231929,-0.6603647191309268,0.4794908933818388,1.0155443206813497,-0.5527956656070565,-0.689275817809975,0.5445092525025766,-1.831832514894874,-0.26879482746253786,-1.3800616628701943,1.8763689749378458,-0.6511461094588384,-0.4610224555241064,0.6795744998400092,0.9327502128176158,-0.6062021663957362,-1.3079939068931512,1.0864723554631948,0.49538308257175445,0.1647127286755609,0.6226735193764357,0.11971128012708744,1.2015858151582592,0.027327802209547933,-0.3327731684683674,-1.963988708745127,0.16472076308071773,0.12431968477672643,-0.04912210089112094,0.7235143900833333,0.47179529565999395,-0.827228665024827,0.733181527388149,-0.13950895297095225,-0.5068249792855486,-1.807896706654274,-0.018383231610434838,-2.0525355982843774,-1.300934249671003,1.1107406385480227
-2.209442375383844,-3.877398411513792,2.4914634948901653,-2.197665229876369,-1.568548320528571,-0.6039807145132253,0.7012673562929117,0.34901585564282983,0.4147718741882785,0.5815796169402995,-0.07194012530806579,-1.0251573478732274,-1.0416126826116496,-0.6545693121320442,-1.648498504562748,0.4502592768034599,0.23358252500854834,1.0613935129836984,1.5735661402067074,1.0106444711284712,-0.8966017400842335,0.8294345791040285,-2.045954977304154,-1.5012327515114459,1.2541030159380908,-2.1687272627791283,-0.23296807040372927,0.2783489133957092,-0.013092376128871614,0.6303834750787493,-0.2008460269780339,-0.37811976869416536,1.006417697259266,-0.1123038304524359,-0.1704204123301828,-0.33861884766616634,-0.7318724632181566,-1.2184764839645024,0.4564175007044443,-0.09114190550851325,0.45296271799775617,0.5082501529836179,0.8450725325273497,0.10282521587721785,-1.260189610567472,1.0405529740309472,0.8346637891056191,0.014187118312137082,0.5535271399362839,-1.5962493298436848
-1.3607624368546414,-4.0371799893712,0.42124096215939644,-2.1288970247827588,-2.6682262048832124,0.06560398245579376,0.2959188203497374,0.18166891541442656,-0.6733840442007729,0.21837173810554172,0.31723143697261064,0.7854972431367839,-1.794439901494416,0.7884296292046977,-1.6737631121765664,-0.06102949783238257,-1.5876190272362958,0.18113736282474407,0.3636602372689659,-0.06663155995454031,0.6961421185769568,0.061361384836924646,-0.9576899520420777,1.0614431046178374,-0.8830673478585793,-0.14165618946428618,0.6075400002667097,0.44590166115401647,-0.28969892733366476,-2.0335193607355895,-0.42310059954442175,1.063823177444388,1.5347998905953153,0.7416310242234962,-1.1070941567894985,-0.2686091804380248,1.6734237124943567,0.3902328867480285,0.19913925993037715,-0.5144470062168225,-1.1152091167590907,-1.2521975202515023,1.8579090373795466,0.6012507323761277,-0.17250791063666301,0.19002710972783451,1.1143340861135616,0.009404042776052944,0.7005473537912911,-0.3347637424097096
-0.7852066199793455,-1.6819232805138016,0.6840037109482675,-1.7945697016362425,-3.921051079835519,0.6674743997724163,-1.6431329637066563,0.5823749183820329,0.3183301582389113,-0.6501509379443504,-0.9687963829668146,0.14680991512012587,-0.8603256211775313,-0.4916927012862957,-1.1773835528720737,0.807439676551006,0.007118957485979605,0.6112733888851877,-0.5032254820068333,0.9947268786130973,0.019342024422692852,0.6603648499052962,-0.0966812190802702,0.5869231890319819,0.8485731480772197,1.015141464855391,0.027738094944727138,1.7204117788028377,-1.5850766767217508,0.18831063640454504,0.5020596716302719,0.7805984498095003,-0.27050403398836864,-2.3046995031460162,0.44828455997850697,1.966158771030789,-0.4739003670098164,0.8622235827815556,0.6741203624610025,-1.7062237365910269,0.41137734437141227,0.0785431689560319,0.08362982787929263,0.3726327508045016,0.11102162334499052,0.7722219512517678,-1.7819444623829341,-0.23782421494653033,0.8496949235347628,0.8029229011842205
-2.224733321111752,-1.7305584671067467,1.7224058475240334,-0.8681833400471304,-2.6049966044593376,-1.5309079036221198,-0.6620071221790746,0.18601472615557213,-1.9920670439877488,-1.615441906433078,-0.10853982026115161,1.069468982043977,-0.8825433904258407,0.898414383645872,0.4622893306728685,0.41319227916588014,-0.044264806567420004,1.0902415849072442,-0.3918672693907115,1.2245661598038555,0.35302239534377683,-1.0964846562462847,-1.4689073971420348,-0.3276792931031118,-0.23299727571980197,1.195872837995893,-0.7509637441991069,2.3549812214629853,0.19578900291686357,2.2535162376265716,-0.6571452047718511,-0.2216979900659677,0.3657538533746983,1.3176852373438452,0.4138743392382354,-0.5004318681564713,1.8568563843923016,-0.5531390912694997,1.715047823045358,-1.0142370103658973,-0.05577248430247304,-0.9365685890503639,-0.5845392969806416,-0.07476169608642357,1.946519031375595,0.41996581502409724,-1.1344196523964298,0.6928109561122967,2.2282152584203736,-2.4246024187030106
-2.375139671597033,-0.5073552316043768,2.003772662514687,-2.1642133183012717,-4.495210711767141,-1.8469919176555225,0.06385450937429364,0.6369539120061136,1.0942140224157941,-0.10657519997365597,2.7987642265577475,1.1220361240716452,0.8772065624831623,-1.2589464923465181,-1.0103872898208195,-0.07142630829238136,-0.07738834031386475,0.8795666533960351,0.638928199327241,-0.0931707442367024,3.3820418830407855,-0.08122757306247694,0.3843991024687601,-1.19387529552644,1.9552493450973945,-1.279982386705439,0.1651450006334777,0.6642380015838256,-1.0600531225706726,1.0186915758033404,0.35854805729239847,-1.2843735968665977,0.5237875948099728,-1.4608627754215733,0.1398431495084561,-0.6616863558706574,1.839932430534913,1.07009951128604,0.4520018092980396,-0.33335468740576346,1.819249150071756,0.20516724566309835,0.2010952590328512,0.04188940781478111,-1.2732538235856334,0.9068734120564731,0.6119162169433779,1.2413329120116157,-0.7719746279741885,-0.20709439362926874
-2.800725283655616,-2.671720852181623,2.062773402253188,-1.1810421572051595,-0.751498351576285,-0.4442198360245699,-0.9827985966026748,0.19712566865723655,-0.19861347870511586,-1.191799545433345,-0.30348177878988336,-0.05874403338308273,0.23557589786244468,0.9925642455189289,-0.9853969407208031,-1.4218051312474225,-0.2594132508029851,-0.6236295655519827,0.7275500568477214,-0.08042005893530635,0.07721165658018365,-0.43204169069831605,0.054721051017047766,0.016686830573546172,-1.5060745079755726,0.18497147653852833,-0.6297464638659429,-0.08646056724657593,-1.6219236089327864,-0.14421549328668365,-0.22197695933880354,-0.7869525825634773,2.1638075087538184,0.5581659934566361,0.04671911667236806,1.0932816929137334,0.7695814699235437,0.5175782748053039,0.028148696578482207,0.04700135849314148,-1.1218870300805013,0.13863578946799254,-0.44990412352313064,0.19601791962647613,-1.0439150226573164,0.22444505260985761,0.7232496264966224,-0.33209294758330243,1.8448568442124391,-0.2917214871353236
-4.12471611761288,-1.925573413546673,2.5804379460416316,-1.6243674314478753,-2.4375680454089097,-1.0762994378387285,-1.3993204847324194,-0.5018110636494583,1.8604907650726688,-0.4741433895001738,-0.2921799656684766,-0.4579237311207036,-0.09398247520348567,0.26057869384480814,0.21124188517834608,-1.394850970133905,0.21607583437816366,0.3425545345246187,-0.1407013565749251,-1.969403640542373,0.33860991549812286,0.2137353030741332,-1.2792844195648267,0.10737350106651054,-0.9649248918810882,0.6760517542380735,0.15262724257150395,0.9529045420937385,0.8603790890821402,0.06673053700694437,-0.788547429450952,-1.4469903427834925,0.04558843319946203,0.46903229511195094,-0.7567948326219929,-0.2407489106078154,-1.4659176105862373,-0.8853231995820251,0.7433478626506307,0.31547959531392694,1.555979880110526,0.2832430150252022,0.11214243293433807,0.23396158713300613,0.5796012056096232,0.13422430796034474,-0.36228159131354537,-0.25574074624772214,-0.06180063496430717,-0.6376271541602673
-2.3582734988186136,-2.9754334644419322,1.5348716572749872,-1.6239522662592856,-1.078191424192694,-0.05038716085043127,1.0358067252900292,0.700686432266441,-1.1345731604987404,0.6049811347318244,-3.7025264765600605,1.989261138918656,1.5502002111014452,0.8430484913910872,0.17742259592023704,-1.226964216173131,-0.4646704588459112,0.2914515455199184,-0.0009534073183313042,-0.741404208107719,0.1241679252229436,-0.2757375306286989,0.09974450012925565,-0.9804933896626532,-0.6855727680332565,0.16051860229463505,-0.4784311602409381,1.3361871780170882,1.2189372064728001,0.9317597318690861,0.2882209850017511,1.6196218911396048,1.4227804523121648,0.8565412127919658,1.5733122748869084,-0.9733605123157811,-2.440532108212352,-1.1392251346693913,-1.0681158307794867,0.5207982455922134,-1.453091418764921,1.018238454870601,1.5774560842893068,0.5611441504873946,0.34213864579001324,1.2148970572945639,-1.46512083344279,-0.7081889250613873,0.4174541006587158,-0.6346937249371711
-2.7740571349165926,-2.071729412893288,2.737254761656745,-1.7683635239067925,-1.6356881750262509,-1.0714630106788516,-0.24178274471266656,-0.21290168286947164,-0.4956974688759863,-1.0675614288123099,-0.16771194440554735,0.3125381897881509,-0.21366232660804507,-1.2548835089083132,-0.05699684507869406,0.30237706846573814,-0.23111930926399255,0.5414423121547011,0.29593288944637786,-0.5592769065866611,0.057166248038119906,0.3312005614321704,-1.0639783201014252,0.917145873192029,-0.9577601152760872,-0.34536374907986095,-2.949715904193822,1.219889759194665,-0.40633293464998493,-0.8008289662797888,-2.3023039442358866,-0.7779970701260761,0.7312635571487797,-0.3592591454826913,0.26872391605699153,-0.5117784441510164,0.8073949194136597,1.340451127404164,0.9918403404630876,0.2194686336342974,-2.390391737848613,1.6193791263585373,1.5077996839851382,-0.891133022881759,1.1299683740285043,-1.6785407281405356,0.6197574228713348,1.2351452472302116,0.7463266824903361,-1.1943593938937838
-1.9953949518251215,-0.651282306578006,1.6498283157478717,-1.0614028650550362,-2.2115745581533526,1.021352260730408,-1.2694287336237073,0.4231011316223912,0.05953021488620224,0.819999744555323,0.6583758090754621,-0.054380416674163726,0.04928787952236313,1.1883748234027631,-0.5470409375320948,-0.7590695362740985,-0.2801968926622344,1.7583232847896793,0.011461291095612348,0.18127550029314524,0.8238713892662701,-0.7982354681892052,-0.17710619083600826,1.0507273109455102,0.5131587787347924,-0.30628758618275553,2.195824321280691,0.17519524379329357,-0.9241580890450235,-0.6577608913987595,0.41060177483544225,0.8967834271940263,1.1612366816163286,0.1575504319188304,-1.2248530764774854,1.0915434277624734,-2.0647617794712785,-0.8923551869730404,-0.834727561825569,1.4013457153834386,0.6302800081372208,-1.4422728559755167,0.6602415889554266,1.209796390918586,-0.5104509160568023,-0.0493186318875678,-0.8111019131347862,-0.17280998119669153,-1.5194844309440307,-0.5595897679073539
-2.717098274796155,-2.439945394320414,2.1563128567726437,-1.0045156402999065,-1.193324015641741,-0.626066139047113,0.24736993449630895,-0.6650678003156505,1.3826306339822885,0.09861178595120619,-0.2088764359349877,-2.2430177965762916,0.819188659494558,-1.6749760555168316,0.1509402344428595,-0.8061520159266414,-1.4120297488111553,-1.6473176147155635,0.5108833411579751,0.7627053374201407,-0.13928143071628776,-0.06958135089256468,1.5620986301785276,0.3340482893699026,1.1572482915178277,-0.8184753249399737,0.6895601279351412,0.7802695559019569,-0.05977933279834771,-0.5502588735364081,-1.4986439788522452,-0.038425587876709,-0.7125302822579903,0.6291014904280431,0.33838008640104067,-0.4349359501874143,-0.12720229896827215,2.2881839209084296,1.0730049765549086,-0.40930910744625987,0.3088685395476636,-0.7086376812073502,-0.028767140697646337,-1.05526649376426,-0.5342750412011694,0.6227190801987517,0.6499616758036494,-0.009434159431207356,-0.0015902722185934589,-0.08146683801633206
-0.4512363738232219,-0.10397582748473932,2.894987555838215,-3.104129439178462,-1.901364441500995,1.2948527943722563,0.011617859515560247,0.17637386520484655,0.5238837042671196,-0.768301636254411,-0.5579705686209886,0.5018902795767831,-1.0418415340644318,-1.2143440789003521,1.6433746205970163,-1.373254823773299,-0.7691744443572694,-0.8339719906645024,-0.13083086661469503,1.538905009232029,1.06366120773041,0.08969720910419039,-0.5256157063820405,0.2679603578436198,-0.9343622826962329,-0.22942974519221254,0.0926811378938458,-0.16801607888124484,0.2630877930527579,-0.3943787143460269,-0.1645667808955279,-0.7270334719806615,0.7983041836844228,-0.7711412131513797,0.5971929942727918,-0.6279056440752954,-1.0770764058142828,-0.1337878913156665,0.9859831351113252,0.9438455751307784,-0.5655698955380585,-0.022540298559057287,-0.13341322476353235,0.21147891351831746,-0.8494834248659849,0.4062652076245885,-2.427298841272161,1.1221153010360438,-0.8284310702633915,-1.596806449845585
-1.157261126268057,-1.83377440091614,1.826315495873039,-2.293511814581453,-2.529419594952996,1.0450762193753749,0.5848510749198632,-0.28764930620920365,-0.20374989730231682,0.5827912494008419,-1.086538270838635,-1.5312273404177081,1.294817389082649,0.9800834214797228,1.9673373777110945,0.4963847031343375,-0.8446883571738285,-0.25249344262191253,1.2379219967103154,0.3715098111609643,-2.2248111424834365,0.3184044359691361,0.9345126808053204,1.050113013507265,-0.9804726474123744,0.28851637766432464,-1.3272832138991137,-0.8867693213318297,-0.9111037891208309,-0.5458256408459418,-0.6975993759643545,1.2582277989858324,2.199278213556237,-0.23443997306764944,0.37104624842942874,0.6463182141845514,-0.40224789768025226,0.006549465019631229,-1.2842471244242666,0.06595441772098946,0.6231826849705634,0.35082241707482953,-0.4501899159117769,0.18564723748190387,-1.0266133239486102,0.6414447823693422,-0.5054824695205763,0.31981068976705374,0.6906485821184393,1.0560582298362495
-2.4859399100847974,-2.330911781237295,2.6564226411054586,-2.678130211189276,-2.9661415048116258,-0.13025059930030025,-1.792394510393316,2.1752123677385895,1.4529605020581098,-0.4647153650904129,0.35499811546296517,-0.6706409375972029,0.035487367333652806,-0.5585989714469819,-2.1676012122777446,-0.28011326823162097,1.0151519480194293,0.24825464338511646,1.6596833577460446,0.44675480655531696,0.6425865110603497,-0.8570281202252309,1.937360157970445,0.2269968358810926,1.7672602930338337,-0.41826470662888554,-0.2975816794127693,-0.10082794868433562,-0.5805660977452244,0.16159218004406123,0.40959217382698915,-0.6585821836043756,-1.7412757803008185,0.48041551905415597,-0.871495988748942,-0.03255613243187418,-1.4775129175753177,-0.1209678721992244,-0.5897630963922514,0.30674547865917035,0.2211291920656589,0.9342564481822674,-0.2059623158184999,-0.1704266893388462,0.8218299780835746,2.6559196700119196,-0.6477696364887723,0.6640517590188442,0.5278252338601446,0.06811830897220608
-0.7860938300672513,0.21090587862504018,2.4788288492502377,-3.158885573797452,-3.880868413907546,0.24321635181813364,0.5044354782089023,0.26335760464111396,1.2134171378058822,-0.9936061002196798,0.4862773789321349,-0.49160518217895,0.7276860515452886,-0.44932034535142207,0.9033930276106474,-0.44778735017012006,0.9607460899553143,-1.2240155727108257,-0.7737849723319351,0.17510238731002803,-0.05619372906324409,-0.6124362032555439,-0.703138218541808,-0.949950425306803,0.6137771301101054,1.9189389241471597,1.1906320704699818,0.5967567152529455,0.747936025207833,-0.13667717273787525,0.06734564870010361,-0.7203354392001485,1.3053837898733203,-0.5206417568441452,1.701960969067292,0.22985896879903706,-0.8660675790309081,0.2684905610982367,-1.3305221972655532,0.17781351713283544,-0.030641872527460357,-1.3580605852180565,0.31514321602079265,-0.5471611537630214,1.0682536620166547,0.20352412876623455,-0.7071476298889352,-0.04032847121627837,1.4475830949047621,-0.3603875227410057
-0.8973739672075194,-0.27025171454253294,1.7253789880294796,-2.0571491629399588,-0.484887841310393,0.3543573202291711,2.238053726662311,0.6749157935566095,-0.4313707173033329,0.23717987083855654,-0.1351726183198321,0.18210649064304976,0.5956694037852633,0.12191715705723939,0.3242028493694151,-1.0137528593810263,-0.41327044676524777,1.377248020896336,-0.10258332939050815,0.6301275958449746,0.8980194212460861,-2.008643585700726,-0.8234105912584301,1.0794089968719238,-1.3897087534321404,-0.19142048352834812,-0.39184434058848083,0.9963521813797866,-0.8989255710300015,-0.8375894901177175,1.2640823621413138,-1.0038020386227051,2.380481902420931,0.15808354850946615,-0.7358877416391919,0.8387793260752834,0.030827898161510405,1.2270103158135737,0.5974941874655951,1.2883536095104098,0.27121146434923477,-0.5950615970109184,1.370587601791236,-1.0299968068067873,1.6078507599685854,-1.0072352968300875,0.49909857923027545,-0.07866583049396242,0.4079601528080944,0.31391601602714786
-2.45793762928952,-0.6786287412332928,1.5159761192064536,-1.4067582977557795,-4.376528790984368,-1.1986613343359351,0.6616867331094547,-1.281828279391199,-0.005688578391286334,0.5239179165252016,-0.8316393637963577,0.18414551979795726,0.30599348207093185,0.44037715807810085,-0.1724949636977455,0.06494852402859805,0.6373046505519427,-0.8442602643726873,-1.3434272987293994,0.872246662010429,-0.6323942930416977,0.47394046282686114,-3.0412120622241803,-0.5357196342836856,0.44327411209861656,-2.9727536309079023,-0.9571391406408304,0.2640171480408033,-0.8189708887500061,0.9181589989734956,0.6345650082425472,0.7436997385763373,1.0384193412265637,-0.8041931235495922,1.4027430464987345,-0.17119468420223755,-0.47255995706696746,-1.3090414407300626,-0.5066216811936475,2.0250375844532416,-1.3256377021118977,-0.29353618249627167,0.16170766184179008,1.0303139130223038,-1.4385992452133198,0.25264171307780453,1.782529891582312,-1.8723309421291123,1.152499968195163,1.3034337983547764
-1.8724623727785539,1.0390147935443728,3.9093227244435793,-2.5482863413635224,-3.2117389752666328,-0.19383461118853196,-1.479466143188904,-0.38549831230549886,0.6952232919021737,-1.0537570390665612,0.6784042004638511,-0.6780371732674615,0.2098895079792832,3.6812096268720516,0.24419581086771075,-0.5098028159074587,-1.298211921614815,0.7563387794867761,-0.08513088447526068,1.539458204722396,-0.28644282339173593,-1.423960060645226,-1.6048494918092573,-0.004623180531845056,0.8969451529026948,0.20703424916921537,-1.316907023256006,1.6034140505562096,-0.27724756618451885,0.9840940663312081,2.455312567146981,0.5756563128363201,-1.2046550611535196,-0.5847934299935877,0.4890928949664488,-0.620168009385189,1.28708368950389,0.8239244791418934,0.6504587530984746,-0.8991793804091068,-0.7306378361626219,2.0546726066782077,-1.6243587195561637,1.259297116506868,-0.6873245521585467,1.180389195447762,-1.5008797612652085,-0.6522732007571707,-1.161672401436217,-0.6982771223757577
-0.07669068264313705,-1.7230642780442218,2.080620348421414,-3.698941054163695,-2.605580976177332,0.664939272108358,-0.011470792909493533,-0.2741795598240777,0.23698809070497887,-0.029645029060099245,-1.496434746690713,0.44975542135289237,0.6460803071196627,0.05329361540506511,-1.2282802881220272,0.20815143546416223,-0.3071497458685957,0.3632842478648754,-0.428292058480048,0.5975795191778959,-0.1806247835341241,0.4512774188369595,1.1179694197096302,0.7031311527869536,0.5709801966905479,0.516457221096195,-1.650941568394845,1.4334584323909216,-0.7705781695063187,0.4702001423944492,-0.8615858311701164,-0.7438375627426933,-0.7455185216856073,1.443585056351156,-0.18693536679865866,-0.17209521105124362,2.0262896058427797,1.4988170467393143,-0.415977780013077,0.1502944377600392,0.7370233583463671,-0.5743586995309553,-0.4936984522036011,-0.5573432987287669,-0.8723039273664683,0.8951276339924127,1.3005617356967645,0.25839908737335626,0.9298553720386497,-2.0537352080777667
-0.18448417605191225,-0.6744603356514256,1.653866236418057,-2.6878865619065118,-0.9107719949927238,-0.022167925912258076,-1.0254602789219875,-0.06405745336935158,0.7339250320214178,0.3134644220454923,0.4325246194921052,0.911257720861854,-1.2145769655515408,0.3659538510659733,1.0093434505282985,1.1936219110663089,0.1423524501135459,0.6861690691073579,-1.5465290150892188,0.6382860254050898,-1.2322157440231605,-1.6191672051195447,-0.41372842930458475,0.5174630328730956,-0.5156062454247108,0.5870258219610898,-0.07228801763297979,-0.040370005328297764,0.14918175975920783,0.399207047222421,0.8721524448331858,-1.4717665367737771,-0.2941215145651395,-0.2647508266279726,-0.405940946490163,-0.10536117988468607,-1.4558810805706939,-1.5478728170698606,-1.9692654184160197,-1.4712414534140887,0.4706851760890062,0.08785856050458025,0.3141386267558647,0.17664155327284645,1.1272771979805274,0.2992010962157087,0.37842567544171885,-0.22771420210207619,-1.1406800893174314,1.3379038575234607
1.035631174266968,-3.566466072763885,0.3841166439762125,-3.1054223731122956,0.3498079533586669,-0.2445356047523757,-0.17345304940249315,0.8730001281444199,-1.0572459236437848,1.3411289607081278,0.02358688339483208,1.1417263399384514,-0.09739925040154804,-1.735115148753719,-0.07274264540229869,0.15523020819377226,-0.46408502204172725,0.3205044996147872,-1.4483881663049838,-1.2792402727260874,0.8420248101601302,0.033661218909585296,-0.6145790224925327,-0.5206051782591624,0.5831826278958884,0.23721541717329,-0.8265210806013512,-0.19136888236452865,0.8117320745136748,0.10562192627342057,-0.894511659492932,-0.03734768649600379,-0.3155975364965109,0.3489409343602652,0.026761289033051472,0.5882678940586881,0.3258429549261257,-0.2944322556109592,-0.16036619852330358,-1.482057181524906,0.409369886049036,-0.31432479582767314,-0.5242729189195445,1.5022513404679305,-0.14001948920204613,1.4577432141860345,-0.08956877193895153,-0.4764417238112183,-0.47849985446561044,-0.1844466786077772
-4.683178343389571,-3.2283542474622,2.6206906684357447,0.03292066136603733,-0.6960764465107034,0.5052673910899869,-0.43074152181628245,-0.11163195001418057,-0.5903358295254238,-0.48231678654767607,-0.2080907689063483,-0.9986623219541267,-0.5501555465817252,0.19095301352993796,-1.7664991599368618,0.3567508134271769,-1.0857459493488721,0.5358463911847985,-0.09996381243925331,-1.3641916328825068,-0.1780798163051575,-0.18562628262863398,-1.4983864650527698,-0.6355077891473175,-0.7020973170859957,-1.8621677696458518,-0.10178553990717953,-1.0181143240809203,0.8402454324687969,-0.06355067083006143,-0.7751540732444279,1.2728736619552672,-1.2175728663973082,1.6520912696017522,0.3332740884482291,-0.7381648056943463,-1.146306391611046,0.8952633431304299,-1.7373738280301725,-0.17063677487472295,-0.6750561652395535,0.7085427796023775,0.10017934980573932,1.0569839972240789,0.18163035686832288,-0.9235585813325697,0.5243965388230324,-0.5755845218983229,1.265218392083815,-0.4646178870108208
-5.258635683191488,-3.9235689513422143,3.370314824986896,-1.0525636219470336,-1.045525575423426,-1.2491440094955317,0.12575424886524367,0.09397910204542968,0.5142116106052778,2.181649312329228,0.622867422926278,0.14680006354947966,-1.218824370333418,-1.4116574361198193,2.7198726524802295,0.12669444967779797,-0.4054069015883248,0.8153482309987212,0.9033907464673777,-0.34560512678389793,-1.2652282790458513,-1.2562860908684281,0.23764836614071733,0.7199673008022042,0.7080935492054303,-0.7841092436530944,0.5109413625253753,-0.5579462746192009,-0.804822871037279,-0.3528127304135055,1.0612458680141772,0.6372111922032725,-0.5064481210775621,0.779081152112254,-0.7275609037467088,0.991397274452166,-0.1282832169226453,-0.378714987206599,1.8421909215022219,-0.016083596959288432,-0.8462158397310862,1.5642611157171493,-0.940398003158984,0.6843147657187663,1.1563049069178892,0.013684608820355763,0.06370651303038952,0.7677082247026056,-0.933589348560848,0.6576093505056122
-3.99160351977853,-1.62897512223683,3.172957513148999,-1.5860393472606664,-1.9651017565467213,-1.4973151487736125,-0.13282932210050824,0.1418501997076478,-0.07571390272254444,-1.1040912873417392,1.4889860637406311,-0.18449589085640464,1.2700469959296379,-0.4277094149112519,0.5021996109777784,-0.7762602632040811,0.8462127695987223,0.19736867617123366,-1.0483181059384834,-0.23487014412988708,1.3154822835702202,0.05282278762164981,0.40708446270589865,1.2994225848706709,-0.8288949044825421,1.2010651757648336,1.417744043015719,-1.0721512413663594,0.1409924224029416,0.8343896541255296,-1.005182283592366,0.20639831569228126,1.545124237649253,0.8448825704640466,0.04839006623874324,-0.10413827539545971,0.09921946465082243,1.6219854011449046,-0.16684901640387315,-0.10306850122695352,-0.7567065995276849,-0.10620190852396302,-1.7208263180151653,1.2840267991630119,2.086818298749803,-1.1121843616610863,-0.5593110863334615,1.976467080148121,1.3370773694970732,-1.13208892639594
-2.785444491214025,-2.060842039006469,2.701124963463856,-1.9484242617896488,-2.29517425459325,-0.07242363880542699,-0.378886062796484,2.7796543248765953,-0.24626074194280528,1.0122008103908813,1.2866862436839155,1.3597215512993654,-0.48823813188480303,-1.4055245389113142,-0.8014851353086642,0.8117553639509689,1.625046149170659,1.3587637505954746,-0.3334637312555364,-0.35656788254373756,-0.9276957197023417,-0.7618778110471001,-0.9910264118141285,0.3785476524595197,0.16896204115644353,-0.18502722472486197,-2.5749970921192507,-2.1629659028120387,-0.16305133138715505,1.9745157646904161,0.8056457263275012,1.157195349490961,0.8526671898270097,-2.157717992632723,-0.5674871361601138,0.17461044636728798,-0.7295785287924289,0.4537511104194387,1.3423987744734478,1.8983738140415771,-1.6223838405005324,-1.1954265702384994,-1.409422347830854,-1.3953246981130802,-0.7156824998987981,-0.12920597270219472,1.0865961856873954,2.8594238045845035,-0.20527236533915086,-0.7666571925038241
-0.7409964659132047,-0.320191792962055,1.7209601950804887,-2.7900340116158193,-2.598293851544095,-0.4469241073540271,-0.1751993268803621,-1.1681088899044287,0.23326836723544392,0.7109031087024164,0.1143203899098228,-0.8576848484379149,2.0822682420428906,0.14662474401339723,0.30336741574671033,-1.0132089038454792,-0.9059589897765978,-0.5569074373748543,-0.023835808172819134,-0.37699168797536403,-0.49110370620967575,-0.5726500423102064,-1.1849559207997105,-0.4274707155234715,-0.0073826271383213024,-1.118938030898416,-2.2368849994739763,0.26255528073297313,-0.48654165049501147,0.15394115584125176,-1.0555744164277392,-1.436878568026022,2.00097772969788,-0.33993205030611623,3.388587992964513,0.5215687968235307,-0.04265850925657745,-1.189409541715165,0.8415461553196983,-0.6279051453371082,0.03200223680552264,0.5094359313075414,-0.6230914873263752,-0.5292977738023744,1.621788270736842,-0.041562565427942136,-0.614669870862515,-0.5927177863170802,-0.9410373733386346,1.6795722073878416
-1.2553664963042128,-1.0512123301189225,1.9517216812661502,-2.056569589987411,-1.5261523219595663,-1.1488331584150682,-0.05235307219786783,0.428222863797086,0.08829032328365961,0.0005550686880344581,-1.132017203661598,-1.1432884085662571,-1.6490420255944644,1.2856835840110263,0.009185950535730692,0.5231254481825879,0.16846850580572884,-0.03486219060432152,-0.1272016646296318,-0.637938273189066,-0.4174953923648177,0.20800782787956576,-1.0383302722951155,-1.3663044828722868,-0.746051670113958,-0.4952174559915784,0.1847094014194919,0.9113436786469568,1.9111385348146768,-0.5660854236566658,-1.0875619541625856,-1.603114569594699,-1.8407728007524244,-1.165003036116377,1.5015608868700052,0.5246422081038329,0.3153373636869043,0.8568155034990352,-1.362294351174567,-0.778167482783412,0.32009113793683164,-1.2713685595517499,0.9961108007988891,-0.29733339360569133,-1.0755824905115121,-0.6396431127219279,0.27912068707217613,0.7173855368231981,1.0109058926783636,0.6008794887864801
-4.67367263910613,-5.508405733638818,1.3468492667556853,0.7792714462493238,0.6926375266335238,1.1046996881674902,1.3105327734210117,0.43079790917712646,0.15141832520791562,-0.7478310622625077,0.7944218125249413,0.1889406376044873,1.3699079372410163,1.1516311741220688,0.5337642804140712,-0.5131863423712887,-1.1098935149148748,-0.4667115775053543,-0.9523329785183722,0.6523403134535775,0.7060905976786246,-0.3155322616642752,-0.29725770023829984,0.22631207727680383,0.2212055697609071,0.26600199861454643,-0.7297406790418624,0.462602942281491,-0.3731538508117076,-0.8074353004950128,-2.4264998323479308,0.38047462758032413,0.06325679935565276,-0.18215229525588258,-0.16725216341228827,-2.8429208980827836,0.118846276469269,-0.21022808805233864,0.6354210232902707,-0.3103865324045224,1.1377373171159937,-0.7170311751130237,0.9901462778033338,1.1237207359716284,0.12385114062877874,0.534052673844701,0.8431942749746973,-1.2327828477585177,-0.5351534797072385,-0.3397810214438629
-3.360223888833464,-2.6327770719129577,2.493286126244209,-1.520431820036909,-1.3351520602836238,0.005666646249548403,-0.3190551494994985,-1.4467286341705543,-0.1472193663810458,-0.8603589683276635,-0.5467066601789351,1.8129445980897934,-0.7275931960651233,-0.7400228626123259,0.17627947191704121,0.7293007048748543,1.3674370700167247,-0.17651539651378845,-0.37884251100540883,0.24571233775979276,1.283588231837694,1.1787115293674044,-0.5709204250977771,-0.018868273934683037,0.32161820773199556,-0.49910639640278925,-0.7391511382023704,0.4407824420205646,-1.8595990246621659,-1.3776168241178541,1.5537432209320576,0.6868006611272459,1.191754494470829,0.6351592868282403,0.1537733525836089,0.04942942546730954,-2.2046748326325654,-0.5149873944609062,-1.1145475123724051,0.09425334356410128,-0.21272059356778372,-0.1778020126695624,0.9395498640435711,-0.6608312351062133,-0.4074394688974208,-0.520488113114375,-0.5264868923740222,0.9204862653326047,-0.6223285397825833,-0.12307805694440904
-2.1081113206009037,-0.6968292776652931,3.5799491306852884,-3.318729038511732,-3.041886553268636,1.1296037018505378,-1.0439647947915398,1.502212744680167,0.6591952496287486,0.5005027416992539,-1.0769416521384148,1.332311084083916,-0.6403476143660477,-1.3858109142811672,-1.0338380125347453,0.8211992749411094,-3.2003427732650813,-0.6743145448047498,0.3279492096717599,-1.196034780372396,0.6966177765575943,-0.040568696859925764,-0.05860639746928976,-0.8979804609238243,0.3580293719537026,1.3115982041744816,0.3987052909579434,1.4065546261074346,1.676888326197463,0.5259018024271442,0.8077538805601869,-0.3727405815806783,-0.5803207817117632,-0.3744604710929744,-1.9449568169888483,0.14420517524087373,-0.4488602369403533,1.5000319682282577,0.791494628549729,0.12812910389746907,0.5535675023189182,-0.05991382910476312,1.157183919506569,-0.8188338377443031,-1.2973664257530286,-0.22081138323753952,0.1461202073409325,-0.8519790604481723,-0.2834281630630772,1.514976422589458
-1.2491314610216455,-2.0337434436189508,1.6605012857868207,-1.9045178613486553,-0.5012903856888338,0.03372821816923893,0.9571245630972404,1.1333256894078148,-0.6830715097112852,-0.3909435802882063,-0.2658956640347055,-0.07798314378259044,-1.218589452309849,1.2491427830612793,1.166095897146679,0.03985877662193236,0.021966312775249623,-1.4273353354365477,-1.2393703782482905,0.6105025319038577,2.174223754766997,1.1506264252982228,-1.5387150546982815,-0.695858375892637,0.6519403735002602,0.5772134279658183,-1.25450765682915,-0.7934941014410274,-2.3924474360335704,-1.199025584936176,0.43027110917499567,-0.5296147514382233,-0.44830567546243316,0.03633456314244709,-0.46137266088016193,0.7436324129268332,-1.1955139310286793,-0.6710238688304472,-1.30124140510415,0.3078940363193556,-1.2705364708234042,1.3236194775052883,0.3738720010874347,2.61424538950119,0.19902785428609718,-0.4726430032800885,-0.7816339761722313,-0.1443382835446891,0.5196131694859585,1.069921855471188
-2.6990221800697745,-1.74421286961035,1.2646449849197703,-0.4784088184009667,-2.050951226985126,-0.43696708612516694,1.9398937976260258,1.652155199232455,-0.641164573035922,-1.1693302296252128,1.3730743721290195,-1.2575114165357693,1.4936619484538507,0.8480163141153392,1.0850699258439278,1.461393239769945,-0.5719389872029249,1.8290433914686266,0.6869017732262647,-1.6268929006152693,-0.3635965136758665,-1.068533191431108,0.8587224298260778,0.42064037070613197,-0.5525389543560095,0.5329123149416762,-2.133049361075603,-1.1283749297266084,-0.9610073432097473,0.6196376041922528,1.0437525996819996,1.1077295814569037,1.592471305741595,-1.9985018643218277,-0.49513482660729957,-0.38205708228435087,-0.4397790047682317,-0.6487439762160642,0.17382405186063485,1.637190440788807,-0.6470275794646954,-0.10948732253005775,-1.1089660794793486,-0.42624249017095833,0.7506684884408152,-0.05734790243392972,0.4432332330248904,-1.2195584137274187,-0.39180732084970743,1.6333555447072101
-1.1510333632534633,-3.8991530256828435,2.0536237164496294,-3.529863680044739,-1.8630423392812463,-0.5495152139715285,-0.7827751952557395,0.7511033421306549,1.7312656800140436,0.2619465700537304,1.1476992341260257,-0.8291739391062113,-0.12176350841760308,-0.2937138851646579,-0.24622580071358233,0.1991487521573832,-1.0162740388575604,-0.4942288537240939,-1.2273519695647404,0.41591927842272647,-0.5875216273736672,-0.17553618640735696,1.337307386665455,1.3224957114467177,1.3356380182613672,0.06915244569931582,2.3078899541735325,2.343042192980557,0.14445475382720263,-0.8820795842852579,-0.7365475877551189,1.1530573168667115,1.827876334424039,0.717531789103319,0.46370726079453245,-0.4903194133263348,0.19359304279230813,-2.2710091280650744,-0.16767978111371953,-0.9383935060541518,0.8698583592103855,-1.714056346501881,-0.9252119102111579,-0.528099126170298,-0.16140403413555796,0.21514645980634767,-0.7297982835959875,0.15731844763764402,1.2215840227483132,0.7897685667773751
-1.9185685831357595,-0.44603954190452066,2.546673967798529,-2.0509024170321903,-1.5632617961625832,0.20831549145725858,-0.17678138285782907,-2.2695193760439314,0.017506117766005837,-0.46121784279091216,-0.3607187921309343,-0.3066205783442396,-0.7637914816259932,0.12180282593295802,-0.31205207071191576,0.19472019244574643,-0.666446728807324,-0.4813600289488811,0.34832110375171127,-0.2322853347877543,0.41237894678587395,0.06335307077970682,-0.6045081884089125,1.001925421595923,0.6255547485804612,-0.364165241544259,0.747238909510241,1.6242896198332872,-0.6191201018249877,-1.1686527765206887,2.1717478370671865,0.029487305691947227,0.21210332020265635,-0.1426644230569014,-0.35624031353268965,0.11864577809801208,-1.0622421222219482,1.3737259901298315,0.5786560103013529,1.1856295943460429,-0.49055581252916763,0.5810403949453856,-0.6369962024801299,0.3786360796262203,-1.0186964891593935,0.018324811183942462,-0.4862394293192892,-1.1192069553644528,-0.01459288873845674,-0.2820528943289128
-1.5439515749739303,-4.175233935118197,0.8340103756993824,-1.6947374102993533,-0.5283613737103934,-1.2134289649414516,-0.6853095489392695,-1.4514285359973769,-0.9989280413522343,-0.04824004674300589,1.9919714956346244,0.9497523709556143,-0.8725407095421104,-0.7440347866194057,-0.602151342432129,-0.4748757748719547,1.0065221953890826,-0.35903612241810473,1.1631332150113518,-1.5439341140406666,-0.503479844510373,1.330215266495178,0.7561677109669742,-1.1647798733024357,0.3268875842470128,-1.9808125254690812,0.21214136569313388,0.5167037649035999,-0.42220990167914485,1.2543821609803134,1.0908189670005264,-2.730812232251353,0.7024179820009747,1.0775465243050577,-1.0801663292717687,0.2200067661779814,-0.7922826846009087,-0.9842218763962638,-0.15742493356527612,0.018934823397611798,0.26800206489038414,-0.5857068934035915,0.5639488129650445,-1.5518300142741501,0.17734319146665184,0.9121549333922251,2.1581996458283323,-0.2297299845741279,-0.7274729243757636,-0.017256670122753563
-1.3729024638656078,-4.051476422579373,0.9889815777381448,-2.2120844070360715,-0.6724768655190105,0.12729209557177362,0.4866257204835889,0.9683909055720523,-0.3688941633051881,-0.32596586057472593,0.5531333976016932,-0.2760269716224505,0.4831203841249787,-1.1166613746321672,0.5833948643827981,-1.0073076123503815,-0.5276918420105605,0.07867849787926678,-0.31583901833820066,-0.5330990268000636,0.5930239922404402,-0.10307254497457145,1.096141882387101,-1.2364873940579135,0.2828607741609314,0.9707592271979122,1.096675636051779,-0.5069922294384558,-1.542756364672382,2.489623592494862,1.2955133555023295,0.7541310417848688,1.0286553190234624,0.04209916058401638,0.9299016276575632,1.5172810186899808,0.36719794619053275,-0.7878703477856444,-0.2032687442502398,0.5957248251930544,-0.6725429966039559,0.003321025646812911,0.341734918033554,-0.6863450634382241,-3.3532029468744105,-2.0036199413114577,0.6818138264008939,0.6790438007680821,-0.3101842879102737,2.1564513504832346
-1.521614274105636,-2.226397278097503,1.8120977739479325,-2.2066207427975377,-2.368875467254924,-1.3901494014422573,0.6487544876384964,-0.6083755613151984,-0.061884843886227045,-1.6158635454343495,0.3114741597636273,-0.0007316657478057204,-0.6937576827567187,2.293075355916014,-1.2491800227190637,0.007121089050358305,-0.8554451826584882,0.31220799657059606,0.5597739537477682,-1.5373878599557758,-0.438641017531231,0.863689399153149,-0.3032424428030971,-0.7608044925574955,-1.1231361789304894,-1.7613530374900728,-0.44465922312435535,-0.4384937333451797,-2.0074364128030937,-0.7068571696579584,1.4671758731531035,-0.5582090212609058,0.36403919097046367,-0.45717941040191734,0.019761510545771535,-1.1101811111218465,-1.3981501316772356,-0.38756114052301716,1.7013181158245954,-2.428486215624829,-0.5190052365550828,0.0897887501573588,-1.0061659087244066,0.11383264736726856,1.8727004959410252,1.6550624826593265,-0.36991365700552337,-1.729312969145031,-1.0183787300799358,0.24786105937295502
-0.2813175083160644,-0.21936579690229596,2.1975143278730096,-3.504276299988919,-3.309920930951917,-0.2983557635553879,1.1487197522534696,0.9321739274997816,-3.7885576908395517,-0.9466620905163754,0.1476642310254108,-3.0877845808978157,1.9526173482350606,0.435997950221071,-2.455928828604496,1.4850155696862173,0.09697500037238449,-2.0874264343241955,0.591183093198623,-0.2986971875507246,0.2438797024214761,-0.2715974342851792,-0.7928451541507445,-0.0002626034689711995,-1.3012044907049591,-0.3456581361773016,-0.43999699544440385,-1.1902127091397252,1.3638595767886346,-0.3249071280336817,1.32659032601059,0.2592128254490339,-0.8129964374354525,0.1516424980851526,-1.4858135201833025,-2.4315280855074763,2.062573534473669,-1.1983264230691097,-0.6222183818373801,0.7192092650020988,0.24694489727049723,0.6259273479050504,0.5807926233179939,-1.0245697887813896,0.38552041461594044,0.09570899992485522,0.20420286600367182,0.32790979183958924,-0.26671511382327245,-0.7050749684119164
-2.903290888950453,-1.171002116473543,2.0731517625165794,-1.5745112281632911,-3.6569999458640847,0.3200602455848192,-0.3865587099159766,-0.38948296823909784,0.3838780389104625,-0.5147269431263971,-0.15287417055863664,2.04162877310749,-0.13841272598174786,1.433688254058709,0.7072938529856582,-0.9338033590382832,1.3355309076621156,-1.4722113595359323,1.7826315273759168,0.45945790128133623,0.3681707774518,1.5102985483700988,-0.1882425132423508,-0.5166558045389633,0.9876716186641168,0.8139044273780777,-0.6857081725856955,0.510527541463664,-0.6381845569163839,0.8857720722608032,0.7336367987782123,0.4418283941237743,0.23328954499404667,-1.2026107750854125,1.008109219177355,0.3826536572706705,-0.7587395337064792,0.35711568755256584,2.84328034563283,0.8814228129101294,-0.0472304167224221,-0.7209391110946209,-0.5907743844802588,-0.3221820221640892,-0.11004390054661672,-0.8146543627680767,0.7382886776606977,-0.7832994574359541,1.1621972938681568,-1.321888873860928
-1.8175291843573347,-0.9819245126367273,1.7324193442540987,-1.4440844357152522,-1.7225688973251656,1.6078934266094185,2.3185998214703063,1.4306672805261498,1.5250803801680979,-0.48034263544536077,1.0305386459724188,1.1799428019107494,1.8200107323900008,-0.24172193533988479,-0.11219565160384579,-1.1830885909107192,0.6170939583185691,-0.9995953307797224,-0.6208610393395821,-0.08303816834695618,-0.8330458961125414,-1.3993679326001973,-0.8753901638920278,1.4401729271813304,0.9454771541885791,-0.1913663738075459,2.0031538184035216,-0.26333351838055075,-0.5112746285763287,-0.2969895434635641,0.6493609447621558,0.7251544303701547,1.3655923361186504,-0.8107881366211415,1.9094639285444206,-0.8157965059685749,-1.151162200037873,0.5483073294777153,-1.3022116666097365,0.05937864591665333,1.1371208462568534,0.41943385648561304,0.5269925008557024,-0.5086605309287587,-0.5770181772383308,0.7376465713988868,-0.15723158908431445,-2.8578134286809393,1.3860449446952339,-1.3304804256396403
1.3489479593961997,-0.8988950027673461,2.9391693544001987,-5.087802708469534,-2.640752698696593,0.10260150825702272,2.3676296916223127,-1.6291904068400098,1.1769170260885427,-0.7467179288557956,-0.5502422187036077,-0.30451394513567376,-0.2984216353802602,1.6614148526339243,0.38389944612381044,0.2734192986258029,-0.5890557568987305,-1.4169739433690443,-2.26377582151025,1.2828597272489435,-2.1801248113750877,-0.9774996783761934,-0.7001774852682123,-0.49150221358688506,1.8436826682070062,-0.4841060870885058,-0.17416078629468607,0.5753753341849599,-0.6491059906976511,-0.7995761170728523,-1.8130895392583013,-2.0503302165275024,1.2029102908101612,-1.7726178733996043,-0.13578684857416584,1.6477294127749638,0.012407667741232116,0.44585453366959893,-0.21818506792473458,0.6309510518425714,0.8321066084297919,2.2014839343221584,-0.4983365834649045,-0.5710881633376604,-1.2081272996675394,1.3137428645887967,0.04873390352850194,-0.8918376912221262,-0.39252044451267915,1.9560691733004667
-4.05532503132002,-2.0433288791266886,2.8646570029740874,-1.026981957093798,-2.6058005797448303,1.2439466379233222,-0.08723618889746941,0.560017282325286,0.7533315570762746,-0.8549262635917554,-0.34587138033138776,0.860642935986743,-0.26929756633934243,0.28144550460949247,-1.8127486397541381,-0.6807914101795414,-1.046960924042778,0.24968764232393217,-2.0225515381001267,1.2018820617086816,-0.6428657068071908,-1.4636312484002807,1.0487856297771243,-0.8631115245246695,0.24862567126042343,0.4353587111840801,-0.9437855611476561,-0.4513874156563985,-0.03840785818974084,-0.21308121642193778,0.04897693236519501,-1.4578834500397997,-1.5609715354276341,0.8667667320525023,0.9464952555620164,-0.21630671145465172,-0.06829906646315492,0.02992508834838123,0.8626512695708417,0.2619114934575997,-0.1664816899781489,0.2699798467922853,-2.1972926796378163,-0.29136895886556674,1.5207895687198845,1.2500799379178238,1.4653590670780245,1.5994526083836968,-0.17744562241177284,1.964795860501611
2.0269026287118406,-2.598903243314302,-1.665758593289835,2.1817292419915835,-2.79231372399247,0.4714284615235991,-0.6078271598845841,-1.28595585695654,-0.7742504814946469,-0.534726369130956,-2.09854211730768,1.4927895909601785,2.084481228901628,-1.0696289315052787,-0.18157634798507996,-0.6634959092162157,-0.13068067413399378,-0.3157591250660022,-0.33844528692273973,0.5359645512523143,-0.6833320858532957,-0.8776202909887663,0.3391293789852837,-0.5958223288492368,0.5228590243210879,0.8146435078067595,0.041304447162874514,-0.2215311987743521,-0.7873919608983975,-0.9507950159754287,-1.1445620239341776,0.36973993905047164,0.5753122225712894,0.9132777101639177,-0.33433724383471114,1.488179182847404,0.13576243871651505,-0.9158806101563663,-1.1742983144844172,-0.04390619616544773,0.47368695845600145,-0.8138146959731497,1.7027029398215274,-0.1531148386199129,2.003346594414398,0.367646487562582,-0.7128804128970414,0.11134154239873376,-0.6104837093184527,1.5852449083917284
4.118823600400575,-0.7443522113094472,-0.21857460720015287,1.6252193558853647,-0.6811342995977681,-1.1821716008564116,0.6419797084283828,0.321351781844836,-1.8964627944608456,0.06300180400497307,-0.309374223126251,0.16558978018408538,1.089779067068378,-0.46736250074650965,-1.0017359458629818,0.6810621772417088,-0.031659866370820085,0.08626264478616974,0.8954074114744103,0.44382519642678153,-0.9543972911227151,0.6053022875878324,-1.6645240152761105,0.6731902572090536,-0.9124302719382921,2.0955051597103256,0.42025973878969725,-1.202897842734497,-0.5003960682151324,0.129489459352648,0.49842178661424485,1.182359610857045,-0.7687330451994674,-1.4885566973245887,0.7386071390166931,-0.6267722886146886,-1.2673256977222744,-0.2119445431670409,-1.0318411339840705,1.2169408220586961,-0.09348642077892327,-1.399071173074693,-0.38527717275490847,-1.4129080592180172,2.236674418135355,0.10313054689122376,0.7342836505118823,-0.38474620130888026,-1.2074913127320435,1.5535484035557372
0.9999263207062878,-2.3735562087175253,0.10288880920708365,1.161982966959537,-3.289615750910512,0.973515153320878,-0.28143692093482,0.12983409336505472,0.5856896145371056,0.24405710841700196,0.6366686403774083,-0.8734811357773399,-1.4949947745576417,-0.4197452068171825,0.8443326638512209,0.8227025873085406,-0.29933832780139585,0.5470791289226571,-1.444808677293418,1.3531306885888763,0.7554751970636496,0.21846309701007371,-0.10149318965046812,0.6605614749037351,-0.48921975428127235,0.12636932033516302,-0.32955752519451814,0.39866323216561145,0.7635358116362853,0.22201116469531773,-0.9888953608975658,-0.012540345324713464,-0.9285403468075404,-0.6633172727906347,-0.6722081776987368,0.14092633243020894,-0.24433196735061344,-1.0253030089932456,-0.2455840916030308,-1.458864671157747,0.09236915866143984,-0.5658538171731343,-1.307290612489153,-0.02155152229755131,-0.07933006949099618,-0.31071442824739454,-1.325108849881601,0.7503954501054088,0.5729044058651719,0.030117892328848612
2.849052569030805,-2.6603341854172164,-3.798488146992406,2.6873520428486923,-3.4653882838681405,-0.12435384421612906,0.16197470229409483,0.5479491421889813,-1.0045980567254809,-1.523161208341803,-1.0408514661762516,0.04371253409221881,1.431250353662231,1.6351316115299355,-1.1496668409540411,0.7646380690799428,-0.2502278420140872,-0.7040890584141637,-1.1948525320816206,-0.7186265852330826,1.325855746067216,0.4766785519188477,-0.7020343385803023,-1.1060178433036865,0.7184194058320833,0.11338136859777385,1.663288654427151,-0.4037297245936958,0.5814780005902653,-0.6085144747568845,1.3779921182701167,1.0113676681221972,2.0025291540486405,0.6380396411301137,1.080132980976002,-0.6707952742219491,-0.8475347083877846,0.6225621912293261,-0.3530194654501593,0.6594588538610676,0.2981213862347083,-0.9449089675467836,-0.8490988643159914,0.9270355022069491,-2.154544172508081,-0.496371070167973,-0.20909101234124797,0.6332291159762784,0.5128566998826035,-0.6859824313536768
2.9856130469720785,-2.430728434129493,-2.7738852805998997,2.987649871531306,-2.2995407707937807,1.3382056381697192,0.2362515784641715,0.7316145506332153,-0.5425611959103237,0.8040859866903526,1.1761434860845816,0.4607911439999219,-0.6430565848196462,0.6922010092607762,-0.7316053444518219,-2.7906876529583875,1.2014060999986458,0.7930631575535024,-0.05572637794259006,-0.3294083559858257,-1.8889501322631135,-0.8639378455211293,1.2470024965505149,-2.267086374596985,-0.5457910239072771,0.9274952138676776,-1.1153841363828623,-1.929120324404949,-0.4150642296754803,-0.42218224366971646,-0.07282961478345601,0.5383929713574508,0.7807948029091961,0.3661250165456526,-1.8928073618964896,-2.3747523437298494,-0.11666350146294453,-0.8269980856764025,0.42067925853339044,-0.3164167065232971,-2.1238699882575984,0.6804958418966892,-0.689599191393338,-0.07107998390904596,-1.78306147849028,0.9832362515998258,0.7371889010954957,0.7652212028695843,-1.5429250493990854,1.9158744456631742
3.663108437980595,-2.697147245626111,-3.6124845804554306,3.309266010151397,-2.0141780123221715,1.091390162882005,-1.1018544463944144,-0.9418441749169223,1.167585410935139,0.11577614347600426,1.7986702618724306,-0.8881291202603209,-0.5417160992942659,-1.2634582340322746,-1.0410478606947395,0.38411048212570753,0.04354675236008391,0.17665094695458,-1.8893024300075247,1.9877454460744057,0.9018853160599356,-1.2721291212257497,1.1085811687766796,-0.6864740036264265,2.2835384934946252,-0.48708816564842766,0.07660330966107597,-1.5383167138016856,0.34412132117962546,-0.2844244196404302,-0.31546397559088585,0.11488963254231103,-1.2633990517422993,1.561758188965947,0.1517002249204104,-0.14188593849606285,0.5278411590781593,-0.21353751407134974,0.8563385657517276,-2.397455647231311,0.5324742671951647,0.8097493749708076,-0.8623179168654942,-0.2835121475483443,-0.38029350703958514,-0.06865740957175205,-0.020371423866218753,0.16983650600519518,-0.22778231120431225,1.878462909390722
0.21212801365759737,-3.0236070907492154,-2.74957097079878,2.2283225659571384,-4.521497689036149,-0.8553687008152405,0.49996340145110185,0.5793153936066027,-1.9532343506969503,-1.0288627700284314,-0.05854723370010553,-0.5801204565838572,1.223201957067316,-0.2725174679058503,-0.5671809959444221,-0.9028725738310432,0.10739541500570365,0.8571685529337916,0.0028906887768088015,1.7510613733698916,-0.3631579323657369,1.2339244827489513,0.463341032824073,-1.8700939047291687,0.33855248630068,0.4607691800006354,1.217372925626172,0.3980162326914714,-1.3509035276914343,-0.8636617838303559,-1.8378159565572771,-1.3692070254490782,1.09014461547547,0.070468858022549,1.984846915323172,1.191712864716024,1.0452769848987324,-0.8229283493806675,0.138789721146836,0.4209710368745967,1.4171933456770403,0.3101557567438777,0.8735215292434071,0.55570807579657,-0.3560281033194696,0.69748567635745,-0.3622813115872473,0.5379089870295292,0.3706758543944824,-0.9406913985396035
1.0328910728320544,-3.598939471542339,-2.573025151408824,2.623352682667827,-3.7819838219522914,0.8290178695214866,0.5705381256651744,0.13246770687133982,-0.28505039222482603,0.1909442547242971,0.2495045805653438,0.3591352165995945,0.2674753133649907,-1.0805370968899282,-0.9356980078233768,1.0914717669064564,1.2745427142852455,-0.48677982340923237,0.3416795237652397,-0.7238920159577723,0.5621598154779338,0.3719772545244985,-1.2256509100679371,-0.636844659380018,-0.6269796443866759,-1.6603247495112512,-1.1379124903547604,-0.46051795651190386,-0.0876390386805468,-0.18785675631006585,2.196329711756889,0.3469636388752748,-0.9845380739377096,-0.3773246116890259,-0.4788617195792728,-0.2802587051166142,2.6449141479659666,-1.424532804129643,0.23533999903469305,0.34135259248142946,0.577300587989064,-0.820478663056277,-0.1268323751935544,-0.4118527039895417,-0.5201915351185321,-0.8794364434588722,1.1562803495342757,-0.6582397119651802,0.4647030846161978,0.941740433457531
3.2585243793229566,-0.8058868331296509,-2.8006927690282755,2.5149807221151237,-0.6033344431837031,1.1325320387903122,-0.17436558926274437,-2.5666832311486396,-0.9930625621037242,-1.0849856740520454,-0.886944014103084,-0.23400871291423153,-0.3372604753500143,-0.2680875856712365,-1.9490906501541931,0.36062820355681136,-1.069132343723685,0.6417521504873935,-0.060137258427104226,0.5780759987502787,-0.41283647327597267,0.5214493620147739,2.4621303262720047,-1.1467943874975428,0.15980878318960912,0.9619014636150015,-0.33438138271841866,1.6199489948035408,-1.2123916989591395,-0.9558983108654697,-0.2844526138927222,0.2102045906022955,0.897853993370589,-0.22321512923036424,-3.051042103692715,1.6399329226350112,-1.2745925878608295,0.4358872067831825,-0.7960524756404164,1.7191313490662854,1.729924070001962,0.3470652930197734,-0.8977299683811211,-0.564881569987788,-0.8942020133193789,0.5828890824564733,0.9282009374713313,-0.6526364851819639,-0.25650826197582566,0.6239499344961253
-0.07794286433908493,-1.553351431240589,-1.7339818549902977,1.401274771555113,-2.1959184633072977,0.48461886089238704,1.5942136743456323,0.6431298165969378,-0.17711092353747548,0.9039121341598607,-0.6502180231135728,1.1210620052533666,0.31257756993811814,-0.6872350167018451,0.492897786360895,1.4666617913173159,-3.024785510631201,-0.4975982974997499,1.8291218682097588,0.40481764454628555,0.924958586520325,-0.8898950530950187,1.1961097235152256,-0.3106821914594335,0.3966464557720902,-0.13296218965794182,0.5320400681700167,-0.26855377757386845,-0.1334415492401844,0.3136771638897521,0.9999979569015561,-1.3582449888221844,-1.0062042516062462,1.9999410816432919,2.083853489974157,-0.5927213794605609,-0.015405186367815942,-0.463654241160555,-0.738100650880118,-0.2374844025310962,-1.5628501682232956,-0.6470003088669773,-0.08071432258220018,0.6318873719240085,-0.6814988851536814,0.09198236845377228,-0.8879001643045036,-0.7163435315074415,-0.18824254316294536,-1.1711571724285421
1.4987832736283342,0.34433535845889196,0.36193618890922963,0.9122173461613647,0.05220136715923118,-0.3399799822809263,-0.0015657459909712399,0.5092033905745522,-0.5091756049312177,-0.3555582663172356,0.6488566586848524,1.443342348011818,1.3109797712170355,-1.1748575739719471,0.47515830843350726,-0.44550257859067105,0.7633094819371536,0.4653574670754489,-1.19651355623785,-0.23529999231656676,0.36518553678770016,0.6429754060242956,0.8793847143210646,2.408616221789435,-0.33518451304811164,0.061917242067545265,-0.16280608735218632,0.9343918417416761,-1.5434273104453335,-0.05752402752618145,0.18742603492303406,-0.3206111541954735,-0.09447679015244617,0.6443234268998932,-1.4173488495226116,0.5870007167480956,-0.7173549430597466,-0.27169390928143805,0.09220473893054908,1.276719643394007,-0.28505764246867477,0.16357924292014517,-0.057662447811211666,-0.8128468751669784,-1.1219400121396084,0.003412173977890458,0.7878820920268588,0.8331903981942966,1.1754303620356492,0.38861544306109064
5.15636582380964,-3.9150108165803843,-4.486839188177282,3.2226197803836647,-2.8814581932490477,-1.9174003585956698,1.108962090328108,1.577387408656602,-0.8709049077265262,0.17037398924025696,-0.21925585365503183,1.3034847607595523,-0.05934015501510751,-0.562073542222352,-1.4119425142875237,-1.8202033581006156,-0.33605381098533926,-1.3637075133199432,-0.6819484074332135,-0.8093985969764219,-1.036491502930601,2.756777070747585,0.5657319967837178,-0.3333542765181487,1.09093330903937,0.6743753178770016,0.7849934545921541,-1.4372190324013094,0.57013093556039,-2.278571319192646,0.946758634179754,-0.6841854574277128,0.918686196621014,0.15619627289817972,1.1059032534143232,-0.5697698088244764,0.5439785900166492,0.8792441828455908,0.49677157906727404,0.8985004732182837,0.25736487625383925,-2.145468973912551,0.4970851786947339,0.981716591386788,0.04176226468427018,0.47113485466602734,0.5737933601728815,0.3893523309416595,0.12086720133805066,1.1918204340424794
1.537012732872635,-3.0248082233362545,-0.9426054129133521,1.456531755435479,-4.319756361870612,-0.9566956330767801,-0.0657590037327354,0.845358494430803,-2.145386029979868,-1.7063513767744727,-0.4889306813325429,-1.068738042648746,-0.9680276667595324,-2.312329843315954,-0.3280381588829524,-0.9513899987306994,0.9922192885321385,-0.3532746353010304,-1.1423712855705526,-1.9068540196050416,0.2567822074412224,-0.6537924026037587,-0.3778924662638932,-1.6830122472918403,0.9574521590804443,-0.4889085033160531,-0.6119398084445058,-0.2126241114442521,-0.7339296215542664,-1.7291816408534386,-0.8417765219238071,-0.2092993497731736,1.4413231383414915,-0.7585725236274962,-0.24035255279914544,-0.8955429870804181,1.714893506549873,-0.4544531964779426,-1.1056463600531323,-1.1655868035056267,1.2082897817493405,0.4211670021182231,-0.8325800317066019,0.9208747826229565,-0.47934836702739264,0.6359914152300727,0.5221749972857462,-0.8113986650557128,0.1745713810228769,0.5034858786501961
1.6712169802494232,-1.3655222989535,-0.9795837282883604,1.3607175625904189,-1.687512437475398,-0.10151192074966009,0.5207756278376948,-0.9277650651224233,1.5481342750850802,0.9876313418416343,0.3094709676989333,1.2088927335626958,-0.21215413853432372,-0.11166053872837867,0.05880651681575021,-1.0902495841266906,-0.04105179153195669,0.6178881698071631,-1.2057179929622808,-0.24192084983575035,-3.334305562460622,-0.9668348384477523,-1.0085788597056136,-1.9177512566414443,-0.2603221797879505,0.7608723836411596,1.4376564677830241,1.2370240758196496,1.294955413262687,-0.3349798442382567,-1.2038209110290934,-0.49185712547426885,-0.14936849729192983,-0.4580645235616144,0.45882760745912815,0.15907680784836314,-0.6993719643719648,1.1788764124860291,-0.07056459198085076,1.126163142263457,-1.0423926432018662,-0.8179100380786848,-0.1723277518962328,0.691093494481298,-0.5214495270287315,-0.19435959566902125,-1.2250755389030024,-0.361701054688181,-0.6560040762204744,-0.26339429684899635
1.6518225823052517,-4.605752444210773,-3.072865416814862,2.8114153970617064,-4.402425749526957,0.8530413116359826,-0.8107980488276458,-1.8207410644758237,-0.05275558847837681,-0.5723045668219385,-0.701777158140914,1.6686533882017507,-1.8146337933658094,1.281569552929784,-1.1673107808033847,1.3137474379580891,-2.0627656048483853,-2.3325785489870325,-0.34720044745384354,1.4724296158638481,0.4526074763766997,-0.6177582311203039,-1.1402705976524146,-0.8830007342030894,0.879681086455895,0.4274545485534265,0.974985944099945,-1.6683834140067546,-0.9794130674590352,-0.8028603291221739,-0.2948569622526382,-0.441744027024973,-0.36772358355494533,1.6155430873648247,2.0641436726963738,0.37979286886174,0.20196080184297624,-1.529023086941621,-0.3048721742668616,0.059546956856562985,-1.1087437405042766,-1.1876677500394668,-0.012442311828820291,-0.9435712894074244,0.6841001418615221,0.27891965139007724,2.0962541016671983,1.1737667333064705,-0.10624623102621675,0.1479151768598298
-0.34622386935906935,-1.6586993562655086,-0.33368497612086934,1.1328367365745338,-3.2827485433725587,0.2708687321464852,1.3114294906823545,0.911444071393079,0.722912055405932,-0.04834826686040811,-2.3507229908098637,0.6044547658688395,-0.405678055146037,-0.02717027324200598,-1.2480053097126342,-0.3187249199128713,0.6532941246021704,0.14035405147792124,0.9943167352627825,0.5747168182694845,0.14893776642742854,-0.8262862837139889,0.2890199487034271,-1.216421901258786,1.1312999113720175,0.5407379875553965,1.0829129640395743,-1.0476224935580765,0.8513403533826179,0.29042099098758795,-0.16027917767279717,-1.4492567773085014,-0.6820830139433933,-1.6352378447183675,-0.28807997802886043,-1.567859502516494,-0.471700657998447,0.21769448541105033,-0.9595296552334829,1.3798417141910062,0.16119431049152771,0.9583997647092769,0.04704455589837661,-0.9483594004279536,-0.4456528980406245,-0.04627703208098167,-1.166049914499826,-1.556668360677254,0.16979889646157398,-1.3633603946581057
0.7166690286475419,-1.739443601717692,-0.45760467978012453,1.7969884744911937,-1.8105657102317647,-0.7851630102629875,-0.5604229074832746,-1.0326599493661726,1.6863630835399468,0.07971972954382718,0.9064904210314392,-0.24954393687712245,-0.517248974525974,-0.049072297974788764,0.6098265229628983,0.94691030876247,-0.9947996257160457,0.7566430056753097,1.300868648993674,1.2615950770780884,-0.45053816189312124,0.6533077078394676,0.49543258622337705,0.36421856512336576,-0.22000767472229574,-0.6287903987485857,1.3068741814020055,-0.9712550512360301,0.07515925256351409,0.1940454648225934,-0.2724865529086479,-0.29253583890932217,0.7002137908633245,-0.049149659970529204,2.1190566250327607,0.03992337777882669,-1.1704022956560316,-1.1902098603807005,-1.3418458352878113,1.3781833491411282,1.1230302766886944,1.4447844094253561,-0.13829094090571148,-0.21712776489098867,-1.1287943346212634,-0.886447616608264,-1.6673943704277545,-0.9253392951549541,-0.21212870043733464,0.0060248259962980815
3.1110147455482298,-0.17267399236403613,-0.5879799850131773,0.8838132196254596,-0.5298449231418325,-0.41975501317999386,0.5364798254210015,0.745438640345801,-0.537378245029796,-0.6111508707635002,-1.0508882169449574,0.025028705212966913,-0.2807646161545596,-0.513884093724375,0.7887597416288343,1.2894214746974981,0.46410603375464443,0.05563996538510828,-1.0970836182524102,-2.298895493289424,-0.8021958919108327,0.5111283468742513,1.5642027463623651,0.25430975495625546,0.7363053591832563,0.25104954715275707,0.6901601893461454,-1.1184307129920423,0.025640371844368393,-1.2024641860631153,-0.16423396389300607,-2.339518392962518,1.178288715820695,-0.10619332352229621,-0.7208978131097477,0.5482184684170018,1.4057528882487202,0.5614832238755095,-0.37600971494298957,-0.9938041309109408,-0.43502836810058987,0.3638129549794313,1.1735041554497974,-0.22088152039369185,-0.29556102012744934,-0.25001644209868407,-2.2063009292318667,0.9237550434135235,0.44615688987148205,-0.36519585540134986
-0.0063704408406510815,-1.0078361708599703,-1.299897709176228,1.1402650787199888,-1.9890078527072277,0.5527242029766865,-1.2189489765789074,-0.1930432898292845,1.4621587428848626,-0.36370402553808023,-1.6118697508099191,0.25037161013086934,-1.5241755250689444,0.7250112997562649,0.48254379375491135,0.9062227040662875,-0.11383815976128824,0.9588298984871653,1.2918585117227204,0.6745458325560124,0.6515264155026464,0.05374346000176528,0.9219933958982086,-0.3159790181790712,0.8506492923630334,1.69042826391007,0.06718554634934848,-0.16985474893305663,1.9717509159301878,-0.0008477175328927649,0.8396371450707298,-0.29306229313235915,-0.39306023633170983,0.3783360222226563,1.346283633068757,0.3597944315407934,0.4856789719292441,0.1342164598145442,0.7877856823487361,0.5451968539485248,-1.5358225184466938,0.46610129347177987,0.9820356443360181,0.25984701247909225,-0.4657493636050267,2.3882387899925916,1.1057809846723774,-2.0828081428661513,0.5327093993412856,0.7193884588885849
1.174489558211268,-2.0915443595964254,-1.1676216152750603,2.1108504431994626,-2.274070869127403,0.8570212784726586,0.40686538649799125,-0.5018940346695314,0.798953968972535,0.686489571789051,0.8614347690166198,-1.2287790208791114,1.109276054460652,-0.09926154501561477,-0.6530678873680685,-0.5634589586776508,1.3769631387873493,-1.542716755757068,0.15665657437000657,-0.5998527172204224,-0.05070407109588207,-1.4527009311332537,1.5063888203524933,-0.7934965163126008,-0.6549250294586171,0.03371838244960831,-0.3590006576877025,1.5223832901449768,-0.79736042747547,-0.15844538330069263,1.0123418336293304,-2.1171724634744575,-0.05962330707141704,0.3946966560687476,-1.1460228291105201,1.3772386912096093,-0.8307425158166184,-1.065232987331595,1.2112199245710848,0.11470889954076334,-0.22231812388839717,-0.5873365811040068,-0.3489159744781317,-1.7463638915295336,-0.29961426598098934,-1.424793188262766,0.016258013825428633,-0.7085833119992722,-0.12856752414267114,0.524729046065282
2.8077846959549606,-2.0348851399449104,-0.6832472411066821,1.205962371959824,-1.733752989037158,0.3385881759064973,-1.3634710719379248,-0.924505784038737,-0.06306080777194172,-2.4566891446616665,-0.1498208577199576,-0.2615643962968967,0.7791436134236288,-0.7823547969424266,0.3692579775987428,0.597175007855928,0.2776206285768689,0.1118678879717265,-0.19280433882971845,-0.19313706363975297,-0.765814537642934,1.1258822304019458,-0.3448882580076546,-1.1034117988838594,-3.341913618919306,0.24166333900344109,-2.2068081456154705,1.6117359103220703,0.14476862271058416,-1.4908542680064993,0.3940231291433983,3.0237008862414463,0.5452742055845562,0.6580477052952628,-1.7467228949025309,-0.6705023684614074,1.2142311695258576,-1.3356150607250095,-0.8318136827920984,0.4972586753187681,-0.7828764765909683,-1.2836651563457997,0.2792866832598779,0.7890334784790675,0.8578768635555546,-0.5238184424354556,-0.3683231500666171,0.8469457711953966,-1.7337552077993172,0.4495686575468528
0.4250245271519115,-1.82402343687471,-0.9650076786730128,2.4015576134687326,-1.8440513838356254,1.5641610179554268,0.40746262188539795,0.1201790828758377,1.0464023502062643,-0.6658811223394743,-0.9729942729288582,0.23223274846756595,-1.2616865696536792,-0.2127906239299761,-1.2627025647921848,1.9364618700762937,-0.31846659552925727,0.7254430182442548,-2.422834329051888,0.030716394211495867,-0.7200065091650871,0.2216855135880143,-1.5191153639126198,-0.6308989845533737,-0.672503567458073,-0.46090402287987214,1.2193804217519686,-1.211235578086874,-0.14717343370194982,-0.21977115768368438,-0.7504714128698761,0.6799656175533747,-0.2953271406504935,-0.681275912143783,0.2063098074863495,-2.060470236415934,0.3130960281834699,0.4016817199735039,0.10182123850439687,1.2866849556317221,0.5310251659674478,-1.6278103223888796,0.553495026596567,0.46408439473040486,-0.038508699946939715,1.0294859044325244,-1.2295609485055496,0.2218460618941495,0.3114808490729692,0.09304287208663123
1.04662255073585,-1.9196066030658907,-1.6432987246406134,1.5129913552472334,-2.8278488264468096,-0.03563149050509215,1.0663429553574133,2.2401406396456784,-1.3873231330476414,-0.6678941107498455,0.26406608346366894,0.15926522029452436,1.4581328964978315,2.2754866920637298,-0.3825897253549535,0.8881112313429733,-0.6385203567463204,0.3614987127676319,0.9352669028191803,-0.10800595614044585,-0.7255744434395309,-1.5113853162537556,1.7498677808801233,-0.82903351679228,-0.18694007513697594,-1.534343082014846,0.0018955623026129036,0.883319667327625,-0.38090495738430846,0.2678065316036363,0.32336664832253775,0.3188141439799431,1.6023653596870728,-0.05878380166466278,0.300258247231914,-0.5302307274661358,0.5680766320156664,-0.013818087607212322,-1.8903371058920833,0.6127775091144013,0.05580439017953546,0.6106717413979756,0.3010685406843539,-0.6590565275099397,1.078544869650256,-0.2905607245403609,-1.5352813493700168,0.6129250613711897,0.3966138702657739,-0.19007029278284704
1.8684104879476768,-2.63299328967736,-3.315046011581483,3.609634743387778,-2.242228477499729,0.931961820663548,0.9373676316227795,-0.8394570846593878,0.9566205438269505,-0.29451033426774564,-0.9645741484136636,0.4035689637237027,-0.2006724661374699,0.23548343447360015,1.6028228522550738,-0.5140340342054291,-0.388386244589829,-0.45242515438839925,0.6732275969903879,0.735940280965797,-0.8036095837626174,1.2591768093195062,-0.44504623863681725,-0.8626923017680955,0.9096014661904245,-2.1200643993871715,-0.6168113169028758,-0.8376142644413469,-1.116577135850158,-0.5640199444872234,0.6841916127023969,0.7728491429376501,1.8152526857184796,0.3840097586502879,0.6432863865210415,1.037889399248849,-0.15568978840958003,0.7005783482400625,0.942798935487394,0.4097375292723964,-1.0912395748469785,-0.2541113404251874,-1.0050902230553258,0.6018450485278536,0.6911190733066869,-0.7406564267635342,0.3452449006564355,-0.3637375175738496,-0.42583648359430637,-0.1511607393686238
3.8490800988765765,-2.453582496190901,-2.6136068476416723,2.9447837254516425,-1.8038804367716033,-0.33293052140148005,0.4636587232678327,-0.251721598604597,1.105922813682991,-0.26073360737117796,0.05499716300684225,-0.1500557640437627,-0.11729079958812731,0.19994174430819703,1.051481352808019,-2.0066335530745785,-0.2848879845285305,1.0607948785081216,1.5379666005370654,0.2762169537637279,0.02491942005122317,0.3467318603884139,0.3249829634783734,0.8221288723668401,-1.5601592989963933,-1.467944122332756,0.8583893845808247,0.4764967763454842,-1.0085301573114047,0.6313525581257782,-1.6380413904114464,-2.405416983270401,0.8343660056061896,0.5353971859708018,-2.1232969837588724,-0.6779902712417787,-0.45978447036853604,0.43436832050313645,-1.5228377784863116,0.8470792664443323,-1.2436219875597239,0.5333480802568673,-0.22012874895632267,1.3997463925001445,0.364253375796941,-1.1014950214476964,0.7298713534535641,0.618104661292471,-0.9269962636108964,0.4583971366545727
0.442741333127769,-4.112595744463622,-2.0010471396920466,2.6930606201526572,-4.167791688625423,-0.07932354704084335,-0.6460545837902072,-0.22080724373776314,0.4593337632606261,0.2537194727056764,-1.283294767473491,-1.1750223343924349,1.3383836961445716,1.6205459612821367,-0.6498493594087399,-2.5563450940820243,-1.7347794689071112,0.31343033672813614,1.6592424247198203,-1.2154184143444224,-1.6357868395421848,-0.7125390354939919,-1.2011253760516925,1.0293212422790472,0.0727071860748626,1.5017023293468108,0.8553069032704121,2.513153614685207,1.3966195578519711,-0.5315985288093718,-0.4017888529243367,0.7077149207035556,-0.764449622269969,-0.7054477522617753,1.8794146544267771,0.001696966951373426,0.8954787086598496,-0.5366082092776576,0.3032008634061981,-1.5692403111116662,-1.0821995046105355,-0.7351387882769588,-0.7059137801058111,0.7975422058359596,0.7660529896634762,0.5137718683365413,-0.29602778654997514,-0.48176672833474865,1.0174349932328457,0.11174688591622582
0.12902957052555686,-2.1388830680938806,-3.360647014192322,1.4599762861324301,-3.03736600146566,-0.16519927989833832,1.2392361300421082,0.008156124562536613,1.0279106399385969,1.842854551231373,0.31182952741732345,0.2599320602731948,-0.1567133315929651,0.3208440261778449,0.21046096516104035,-0.7599977874912003,1.8064479964666855,0.2950026075358764,1.074965594612612,0.8913841920993214,1.045281526286422,-0.6156392714729497,-0.997308658734981,-0.5398920370534982,1.103664601265872,1.3721137344266199,-2.0610392951608945,1.0755677295813613,0.5093486001790332,0.5153876036773504,-0.6180701717049801,0.8201818595889618,-0.42892367883151483,0.35939840087630165,-0.615763886289797,0.4206507731345209,-0.7386701439898037,-1.5127101567026997,0.20258747019938345,-1.8270539224611257,-0.8874838263936359,0.6777809524827232,1.0581082399833166,0.6625429445403122,-0.9491377410717783,-0.6163276199117086,0.4126293748208623,-0.057207509297235636,-0.47457371599809567,-1.542467105725344
4.339114957282742,-0.32173776895573214,-2.329543270856131,1.8465069528537186,-0.5903425392454966,-1.093000135458927,0.17282030647563285,0.15910508416700941,-0.4666408420875382,-0.22464446553779313,-0.35508573377030866,0.531530999801115,0.2920088706913505,0.5231220399327688,1.346671890184829,-0.7506192176758801,1.15614118284691,-0.31357220630443894,-0.12042371643650111,1.2135348791099732,-1.3729757010888533,-1.2502481071137042,0.981561348267457,1.1472346781163392,-0.19290585023823728,-0.8203785029770896,-1.4924537872784256,-0.18603803406971783,2.488931065001605,1.05205861234812,-1.3789217671783156,-0.6372909725433926,-0.2802988156938962,-0.3964227135658191,1.865692739146359,-0.15323374558818675,1.9095287705943602,-1.5626588498549894,0.4481327126319271,0.04343922642775162,-0.40505964095534824,0.6382334844155619,-1.0390790096236489,1.2951330152955913,-0.16038954676612222,0.1025015767198684,-1.1015155245370118,1.0383187780130465,0.011397635319354877,1.751758339207437
1.8763277049910592,-0.3522785437417124,0.41873640878812646,1.1896422658065169,-0.6054563964471968,-0.5288243575484269,1.502417400696758,0.04527290350117696,1.7210720806881508,0.38004619605987433,1.7289945079602251,-1.5477399610678944,0.7034086711910402,0.4986403667997996,0.9199118131126068,-0.2378500259047685,1.211567359088254,2.8896511777039273,0.7590497898471693,0.4350549215885196,-0.5068374529990132,1.518995059932016,-0.06132935629912197,0.4679122786469663,0.03148121439641203,0.9899759190356364,1.1965482767738735,-0.19657953535360104,0.8333896530818418,0.1783202070019677,-0.24756065613871808,0.981042881248526,-0.7320658492903027,0.412598104994549,0.31198323637177067,1.360506738236685,-0.5354731129400784,1.2544691774041656,0.5828557738045519,-0.9549663447453883,0.5099312330104815,1.4186688113288113,1.7786991054655639,-1.2298736813456492,1.286642786264988,-0.4940806353628109,0.8684999299552691,0.00457791942065012,0.24423808080799175,-0.9014397403945055
0.020288445979310454,-0.8681459930025173,-0.8153824240381011,0.4695221100089886,-1.2880701450164453,0.569663968518941,1.2610542318109785,-1.3050502730183644,-0.24617439869547636,0.7903439150927555,-0.43497840926349696,-2.758791685464085,-0.21991545100750032,0.4779593676910971,1.304233431036705,-2.4015516834525448,-0.6288439273339604,1.8503420623293056,0.07487987804244947,-0.36013306054158273,-1.1065306821641017,0.15755230874001297,0.2189199123378414,-0.5636307773163274,-0.1481402110194177,-0.5472289298695071,-1.2544951326277598,-0.712741969879778,-0.9227362998636167,0.2036387276231547,1.7718125085998238,-0.3480957509391468,-0.829945555182536,-0.6152701314401154,1.1001719744457883,0.14108474792391532,-0.7227485481971281,-0.7450200886387296,0.3053790475796813,0.9632806882885483,-1.1311720480142191,-0.8000291229025892,-0.1656604965574977,-1.2068542881388933,-0.004771088707833236,0.5189821451303699,0.009480767446117736,-0.24968172890464183,1.5969970666009954,0.9638855932189595
1.0559925173447882,-1.292316803612089,-1.9313581274711895,1.8623254377688674,-0.9076133251069427,-0.9859225786952971,0.2098177342243841,-0.1597664315534566,0.20775945076037775,0.10244684911244045,-0.6083022991623437,0.5283963492655243,-0.555010883366391,-0.6533375744271624,-0.12303189644602172,-0.7864038357197103,1.8541516405451832,-0.007926934954166078,0.0257694501757264,1.1015458579111015,-0.48501513472780217,1.7811552372000823,-1.4682682528272235,-0.8201931511797008,0.0820779251839404,-1.237166950052734,0.06549606540288769,0.3284391368204692,0.01835765513615541,-1.0616378613518338,-1.1006450923554079,0.9034448067027804,-0.13318207300950521,0.8519711393784559,-0.3306305194980005,-0.541487571284097,-1.319021119744528,0.0797404047341638,0.2024210217254844,0.9844454787620455,-0.516403568446345,1.1524408324792845,-0.12823973808265057,-0.11026536419134282,0.7870072370643624,-1.1816986924312456,-2.0911194595330995,2.6228310631750995,-0.2564697955444233,-1.659923025854966
3.126601538096063,-1.5640613590260324,-4.071039597296497,2.266927512003691,-1.8938598518821792,2.1302813026704017,-1.2199568429305392,1.5566184905911533,0.23931923137772562,-0.39115403494830947,0.3842925074312935,0.20033458677908667,1.7448029218309458,-0.1916004669534307,-0.02178730302546838,-1.0862988308052153,0.2602402922572966,0.9474041403003312,0.19914278437087501,-0.09743954741436234,-1.2506051093670028,0.21891709824780498,-0.31492776401291156,-0.6355904523582572,-0.9133555220480216,0.7607946236799829,-0.09358956831699665,-0.3204837496950496,-0.920798963720774,0.4585307940836016,0.7979141221795396,0.01956696854439289,-0.3276809573458065,-0.6791838673269712,0.32345070372209234,-0.6309378902376415,0.25846514620960814,0.9741795085657461,0.4332941780987039,0.929236050438912,0.2509268845583671,-0.22867559077310864,-0.6407929413047487,-0.7259283347924561,-1.587182325656694,1.4895305044202738,0.9132343358186914,-0.6874829801021394,0.9507408195490852,2.3145306611303664
2.306422357858516,-1.7279398451843115,-2.579308159774791,2.6236181565497114,-1.5526601988266857,-0.7089180580879458,-0.6199491974068994,-0.8227077592193263,0.9283865457464335,-0.6209242911552976,-0.5302963728036444,0.7549542967812488,0.035225859012603916,0.7049409780782216,-1.0161123020167981,0.2957891380985069,0.33913557670058775,-1.2095714303863916,-1.8645454508991495,0.5669999238659731,1.0346829675665734,0.32718122306251046,0.45411750456141486,1.7524363927606865,0.6305162464589108,0.018624743770684127,0.8524511239358935,-0.1567177953475138,0.35121601349999837,0.6465259880550397,-1.5062946394177004,1.7266271398330033,0.09566256998983151,-1.1301009288917137,-0.7289849485147291,1.4603769321695004,-0.8205894426057979,0.149418338799541,-0.213281940812325,-0.35752396569089057,-0.029513379085853456,-2.011396009946805,1.2744713856096097,0.3002852774796221,-0.8970615600361748,1.736752578435486,-0.09528334554137012,-1.1320106002030739,1.186743425864072,-0.3625706827990901
1.9948265932893312,-3.3596121440412894,-2.751341203025688,2.089727358017393,-3.8180732643188273,2.058102983750731,2.554367840106326,-0.5139939304400608,-0.968558689537991,0.18700469315565796,-0.4360496937574403,1.063624837341904,1.2456118417966953,0.8312567828690635,0.5304859985833205,-0.5516978965640734,-1.2850927630800002,-2.248005720569793,-1.8665653535341387,-0.36174249366202116,-0.16160382337682766,-1.324326997654369,-2.159444824639091,-0.8116286429047275,-0.1998389412159795,-0.7604832982208514,-0.8857361478896936,1.075304426009876,1.1728465112999138,0.4516545375932344,1.3745755615211217,-0.19490807253968162,0.9341969662292777,-1.8325740455035369,-0.3233604193365039,0.8667423924530061,-1.6806498065801088,0.25265078471473423,-1.180496029782627,0.4697485059689134,-0.17352765951240942,0.4876541046940688,0.4066352373668723,-0.561800462131881,1.4651139213269404,-0.11709217676813649,0.14157886564820554,-0.3874574248405723,-3.2766598374002123,-0.6902341901314746
2.3750579035152874,-2.1751229906046907,-2.28440112533765,2.7113352085741718,-2.8449411004932275,-0.8544909442228384,-0.1667329187735814,1.8504047155991883,1.1789334147664952,-1.1597743711797526,0.6182767481687461,-0.7703541468801701,1.029450032512494,1.2144298570735996,0.5013966914663646,0.21568905407821354,-0.2912415736519708,-0.8874785233155932,-0.8587419463349308,0.8026920517980705,0.2786675050134814,1.9327529987104866,-0.6454638279366923,-0.9629287761434124,-0.12946401154634374,1.046405038915041,0.7775090702130784,-1.5187421330020923,0.6167333949380279,1.3038802746581213,-0.7610692440817387,1.7130367548296068,0.02537397584786068,0.26700793174322895,1.5279266283560102,-0.3374686039214227,-0.010164885788096573,0.2612963863258219,-0.3006208932219266,0.18951433167888102,0.9702591693753758,1.9849399724066334,-0.2883192038428005,-1.3370884649264452,0.38947502856565763,-0.19186170536508307,-2.512427689776,0.7368740840270142,-1.2559953153034695,0.8801398958643082
2.6163102857786575,-2.6094036808460577,-3.026803754761734,2.303405398002388,-2.9157539943585746,-1.0017734512287386,-0.9516502894285657,-0.7584474436156725,-0.6108755290622051,-0.8309893916641488,0.9212699681102093,0.3388150766198166,-1.289847653500752,0.4156533988743872,0.13349193120041672,-1.1959738632571415,0.2202835498757604,0.13863792916837947,0.18218134275344117,-2.301291477793808,0.8798999275685626,0.36272023053826324,0.8865051405236016,0.670520083449504,-0.026232131444743713,0.7729448032534517,1.2810710652377535,-0.37461857625280476,-0.32419881968875613,-0.4237661839579738,0.13397904416401146,0.514968285279596,0.10088602721280229,0.03990722624883881,3.228628812717761,-0.04254825403505125,0.14940637266432014,-0.7811556714450839,-0.20131929140356303,0.42019229908862166,-0.9635645249329514,-0.08426288700395436,2.8542754709924667,1.337863329874166,0.2814474996135513,1.604348666207373,0.23164293018430449,-0.32421471531922347,0.6245966753417795,1.6371276989061951
1.632832115769653,-0.8161195710951521,-1.257650565800251,0.10274818567922206,-0.5712873850764331,0.5754946402497311,1.2189114323008425,-0.12355824053522539,1.7165539363176459,-0.7333669679389136,-0.2775564891186706,-0.5253217354590197,-0.12412386449191075,1.9111213346662106,-1.1145500186501909,-0.4272827135374875,-0.8703224404567498,-0.8907867496040109,-0.6832287623501943,0.33750659039403297,0.24397629921661343,1.9930338358851056,0.9807768152771069,1.1731563929471005,1.5348072319124635,-0.3561175338496278,-1.0877552288914438,1.3198123281150493,2.265515845742875,0.0074372406225096215,-0.11113060241281754,0.13842772538103956,0.0013142785273312447,-0.392520232831013,-0.03688491084660835,-1.2131342005980472,-0.9299615211789835,-0.8139011760756502,-0.026295813383448736,0.16090692355012726,-2.1080462375909215,1.2898812818639498,0.3392890833619078,0.5068978206251703,0.2536993327461745,-0.9066966481994855,-0.4876670092092247,1.328920088425272,0.993215886322953,-0.1766225954730195
-0.38394639479133863,-1.165965931148361,-1.926291843626936,0.5276289643665533,-2.310304589514212,-2.25839736709627,-1.4330992318230946,-1.820421869731941,1.363295019142033,-0.3708273993252507,-1.1915588051617232,2.570153817449558,-0.9926936536557743,1.806603900040764,0.7705262785914213,1.0816379581594755,-0.9288624747821999,0.25451700787695675,-0.48886941818718826,-0.2749356025982061,2.204532321246016,-0.5723125054644228,-0.5861195905698339,0.5464968027771994,-0.3025833285444569,1.3295734673780355,0.5956690739101735,-0.42024802070425477,-1.5151983595879928,-0.14890897280303156,-0.5132677350536546,-0.07658358021243453,-1.3393989763502294,0.8393901609168943,-0.7824073133556736,0.8263260311442052,-0.7223957529985097,0.5823700730043586,-0.8010473207107596,-0.35279781348386047,1.3682935321643728,0.777394388995565,-0.43612201290421937,-1.803157781668647,0.4619874991387411,-0.45481288952176413,0.42488643943694904,-0.9762717789493152,0.3085466065785837,-1.4429690911679904
2.1474359775836507,-0.5695003671422929,-1.8668645175918481,0.7686465499917183,-1.7028333840227239,0.4982345389679005,0.40533132943287264,0.7281071686182511,-0.8891797874367682,0.9226844801407017,-0.3417179501130241,-0.9739451353816364,0.6265620771579494,-0.7614579831133176,0.3891167350039013,-0.5069458129795426,1.345371517013345,0.6821838417891832,0.4719337603203108,-1.7669550122026412,-1.6726441638604188,-1.8072947128890882,-0.08754939815016262,0.1726050101422204,-0.9210095386857692,-0.38145375333322123,0.30257907393929656,-0.8634916280968484,1.1372722068229395,-0.7818732266270176,-0.15829276033425158,-0.3655986673105329,0.7760072698681018,0.11310235184936647,-0.23363716516103014,1.0563684705637135,-0.031037502608445986,-0.22057998537707516,1.0730128106560348,2.6264752663763096,1.1525258267144447,0.1845125303011106,0.30307691482977406,-0.586959207309923,-0.37122075149515155,1.4969295754155387,-1.388878848859767,-0.26944489064675536,-0.35310365379158765,0.02159174642299024
3.6529216644469233,-0.9571625091181408,-0.9133404465936565,1.6634280117952231,-0.0695409140937544,-1.3903483819590885,0.8876633528054976,1.2878513239319447,-0.6289079802330452,-1.2329797350762066,-0.6607674906792655,0.06975827422234622,1.1338028248578542,1.3021591767030576,-0.31181697961082866,0.11107035124665798,0.7566780515798986,0.8963885663763269,-0.311706186757889,1.7989648533092026,0.39852820531842437,-2.9908600242238426,-0.2753982124023882,0.11562943834086997,-0.5684489623576181,0.5943912344511797,-1.3479737546993222,-0.2254596480661452,-1.224512734156453,0.7319512003811673,-0.17646962163318397,1.7029848404914736,0.19618326981595477,0.12178173533635525,0.7579035405002877,-0.5836174650854205,-1.4172349591376665,0.6039136516854332,0.2185272258426758,1.5272466336561452,1.047749966212395,0.14359799279636198,-0.8324293092677542,-0.4129197128498375,-0.835169858122589,0.39576744588101515,0.9616231756014941,-0.4574872774264174,0.1197938518366885,-0.1190435166120388
2.3494320526030643,-2.5339672598717655,-1.9446756575758433,2.8401619717763174,-1.1699456350559343,0.7205255825103198,1.7094110756519683,-1.0978013276441694,-0.2533196274745081,1.2868729173434617,-1.7063550984010645,0.4599561341660026,0.8323565527980153,0.6741574305412494,-1.724838550257622,1.4755261510193918,0.7920581179410516,0.35424364682914505,-1.0825659893629154,2.0615609160526156,-0.18111341608165,1.3392354144313543,-1.3234595165002359,-0.8595399611244888,-0.3476368167395027,0.8949187213883557,0.6134437867615781,-1.3179752451054614,1.1565506216966506,2.2609872684347416,-1.4139564314543533,0.0841477674945133,0.6821829269764452,-0.4090591684262369,-0.841706876330387,-1.6944888047351565,-0.2698196924530851,-1.7059713331493733,-2.9063681686990255,-0.0023907866978816923,-0.08034278947660338,0.990309997302002,0.7492009763345705,0.031061921552087503,0.5759294270217992,0.29799037670584655,2.322962770217762,-0.3860853095393848,-1.62582487761923,0.6349039757756488
1.4031473298142143,-0.4512194207599338,-0.1514845532843352,0.7437481968784176,-0.39570040857365063,0.04980341745134678,0.7658998475886881,-1.0903618397259085,0.15656237157677105,-0.49255434561195155,-0.8012560983157101,-1.1741849782416307,-0.9331044224835104,-0.1505066012240714,-0.6344924063486987,-0.4618726193915121,-0.19967802043157995,0.3841901902194984,-1.250786843308135,-0.47666563239886656,0.3164039231660782,-0.19381120142149016,-1.6613007072960921,0.6050558130481006,0.15792081436854408,0.7219787279981158,0.894113213225192,-1.6499001366216932,-0.699278666054046,-1.0729656911103376,-0.18179141633976842,-0.13873386014094527,-0.4703582677808999,-0.25062045937421357,1.6846743378035567,-0.0007531908927973461,1.1831082776519957,-0.5674291550629388,-0.010097773637833032,0.34636550914569214,-1.5908711106719289,1.8367016877893307,-0.3234429648394173,-0.7701344402128523,0.38039843353247227,1.2464677610010964,-1.6769236542713035,-0.7911244528322571,1.0914893617585206,1.623199845614245
1.8814716557836202,-3.2871394224695223,-1.4536869036621232,0.9429739884121993,-3.7001284289204666,-0.4174394294972449,1.7012263402745285,0.7855510915376237,1.1117581237277427,0.4938909827058576,0.3459898169854697,0.45843673629734255,-1.4398856866263183,0.4095826920284804,0.02302789197075636,-0.32453191704386536,-1.4618152204668486,1.5511604901803517,-0.6565620811064592,-1.30042337211963,-0.03534436767134725,0.15327570406315746,-1.0578570309514008,-0.8714028025361874,-0.3347279046460246,-0.563162922018047,-0.16384961150231936,0.3389998681054074,-0.3815997621126564,-0.3209966098102536,-0.31955189266394923,1.6032877055796957,-0.2469297403294117,-0.6996886113929807,0.19530663235759846,-0.484717333869296,2.162732777195747,-1.450674849438041,1.1234566069766163,-0.5757628851653669,0.7909874430897493,0.878791665221205,-0.08176722134595345,0.5589481065316697,-0.3579640376528876,-1.4775917934468392,-0.766421765185886,-0.6730896871078319,0.6152875722770067,-1.6363085080019844
3.189492078040093,-3.1013785924158705,-4.444110119802387,3.2953949820885775,-3.2674886726004972,-0.012083502133073638,-1.003625341403298,-0.6364388477388735,-0.5003836296851065,0.8665216660415986,-0.5444178877774438,0.2592713427632846,-0.18717676021125185,0.9006038296102695,1.0019291188916777,-1.056500650132369,-1.218078567567518,0.5661535025030889,0.389760449064838,0.42394015770663995,-0.8854319608176865,0.25488149286590145,-0.084613361108232,-0.02459809309583476,0.29317368011068096,0.9211950353850019,-0.4252789830782034,0.3015678060074238,-0.21483068194031896,0.8917360974289397,-1.760326360900704,0.8336168394386054,-2.6732582411677788,0.6691975845461351,1.1464632241723505,-0.7092962729153282,-0.13063751284066488,-2.230971195796922,-1.2711156822755076,0.838929609695748,-0.37849115481423395,-0.5061486408431334,-0.28952855172910635,-0.5797610356498126,-1.0304716698667653,2.529877790224214,-2.0085889792360248,-0.11310712107216576,0.359250876164929,-0.7183143493449441
2.5224995014927423,-2.0152942033079766,-4.127712460886651,3.4451478698931606,-2.9451605225402524,-0.2440583498689484,0.2936049088678229,-0.8542008059717758,0.33839873360689243,0.9064208220139974,0.17383662361661345,-1.1251465644700567,-0.6235078110054889,0.4167303201269398,-1.582798584857045,-0.9115191388724349,0.14739852580500767,0.8341328337034135,-0.8769475652474078,0.5163878398485807,0.15545923651135812,-0.7996861958309454,0.016475884968694846,-1.5411028641432165,0.46134094163304196,0.5592462033757045,-1.4375425503658366,0.11313664530028363,-3.0330804844635635,0.3544574795511704,-1.048896451557718,0.7049169067665508,-0.02981394673568662,-0.38398694344114487,0.6671176466242196,-0.7267188930752881,0.468598310875779,1.7044783395118341,-0.791803375368715,-0.17848960677810638,0.9034976045639328,-0.9002624578345556,3.077179775070583,1.4838016888926358,-0.1197382186801258,-1.067720429098888,-0.7134628914601221,1.8165549229448767,0.18033031862508053,1.3209916811854059
0.7766859433217421,-3.1885648319748485,-3.219005064908778,2.085062669132023,-3.025187317229446,0.38705753667077664,1.1443115186863555,-1.1793822420440059,-0.09482893115189137,0.8086496256341276,0.0531353323395772,-0.8206139372848187,-1.0009579384872949,0.1987641016419291,-0.2133984650914975,2.004596671245366,0.7152754663110749,-1.1971010861639635,-2.082887078267139,-1.8519853485361155,0.7622723139004074,-0.03955974434695763,-0.9784867660986079,-0.08811802213863762,-0.18413633789148381,-1.528373177217816,-2.2621299668718904,-0.32936685098056456,-2.175045853328467,-0.8651369176592363,0.21260216902437587,0.1938093315313034,-0.18456942915932542,2.672781799307091,-1.1008880214657744,0.014803783546039622,-1.62833530137589,-0.4763062289140722,1.2869490780202302,-0.7370592205933413,1.5640529558899323,-0.9281788707905064,0.6982123532169208,1.0704656530955312,1.1666447528429034,-0.8719716136604051,1.6742891604812773,-1.7391912225095096,-1.4469463548123493,-0.943878938592488
1.9814113204225876,-3.323476675282518,-2.3489180044379987,2.6669066506030283,-3.954223990854567,-2.494574448771419,0.38148203746079556,1.416139897124539,-1.6018021234704143,-1.5130824521346833,-1.7520226699300496,-0.4531428384843278,0.5072308160561935,0.2480154468473491,1.9033838981126603,-1.5488132698149772,-0.7744800949174606,-1.2893036107853841,2.458280936172977,-0.28405287530925516,1.3598852882099006,-0.4184886055497244,0.5770007589080701,-0.5993670974409081,0.4521516017030931,-0.799981014874753,2.1017380784021897,1.724846889042639,-1.285547731175729,-0.5707301040968067,-1.6470913457551473,-0.3382431618345437,-0.12139577866520763,0.2539458485348157,2.1469026601223233,0.6475441931614122,0.9031175480113651,0.07105474449213244,-0.2356919011974945,-0.704131597197418,-0.43413898714743654,0.8885587154191729,0.3345355248450265,-0.3339424617968094,0.16579650874467358,1.9987835600940005,-0.5001471797566888,0.0035873032335913047,-1.1353454974597286,-0.09485811440575685
-0.3652893269341577,-2.7755735556107903,-1.502028180051976,0.8739436113275718,-4.56255588395334,-1.4646240309764762,-0.8782311562572909,-2.026044741292557,-0.4331443804674373,-1.064100959829625,1.6987410697154977,1.447596402105038,0.3136914870167766,0.23662767222855827,-1.6525084704586768,0.6233773723679735,-0.9350444083965895,-0.7064002949513836,-1.681842296949798,0.8422160581550652,-0.8481888798400868,0.5181290088500199,-1.8019027490474646,-0.7657857154789274,-0.7778084445066177,1.190652892672291,0.5342425958386935,0.592018712578608,-1.0921795484563792,1.8096233722095694,-0.6321787197118784,-0.020595909069422023,-0.2629061170582352,-0.1362897765774575,1.616894646271227,0.6349236330234077,-0.7988747643199221,0.6018793610545904,-0.435069896053525,-0.9133550081815903,0.17909625931315962,0.7227980315168708,1.2449590600972105,1.3479472966313826,0.6801240033533085,-0.10438839899613052,-0.05967124641079608,-1.8773034518015363,1.5390932389239071,0.48791314234549205
2.2929441984971346,-2.6405148707955606,-2.097955053616248,2.0255216921867376,-2.3872463094988476,0.6734171940875536,0.19875442595775333,1.7985664453816756,0.006683234066499819,-0.018383994715259446,-0.10058367880964184,0.7261009464588725,-0.3309734963568839,0.09710713769242689,2.569117491540483,1.7628621688191588,-0.0010445491904129407,0.2524440618065052,-0.4150835833166806,-0.09856174192731772,-2.0466236829677515,0.04707342337864025,-0.7168130710668603,0.8364175494979225,-0.8813848064781236,-0.02662577210086543,-1.1129223442862965,2.984261222699004,1.7463907199182669,-0.6323856843304484,0.3258652797682383,-0.384201339438706,1.076375214398054,-0.15118044112568604,0.8627771640664139,-0.23253874373512073,-0.13835891040425305,-1.2706234023271576,-1.483187624283188,1.4942336398566154,-0.21593745291980765,-0.03986565841770997,-0.532440043169572,-1.53125961124936,0.0852566565415339,-0.9343788706332553,0.8929685366666671,-1.618188039193377,-0.4855533823113802,-1.2029923133598766
0.7133593019355642,-1.655819444171075,-0.8578853996951041,0.8916925773788607,-1.9712668658547337,0.2890298345777939,-1.1475980228121947,1.7333327507844885,0.2460017097457025,-0.9072117986825278,-0.6133322935951704,0.7317660871487405,-1.685022900085214,0.5697882599728529,-0.7933080885815356,-1.8285418929049255,-1.2288826839271298,-0.6070065373933408,0.4564681838217007,-1.2152336775318051,-1.2797225139313615,-0.15457898949425086,0.6065391878706007,-2.104485751997629,0.7917783218279473,2.283708893329078,0.45029106193116086,0.21451597576428144,-0.698218382970916,-0.9830222048192481,0.2624892756070274,0.8860021518930824,0.07945660312224222,1.1967895363411694,0.7110955113360439,1.076729284485517,-1.1956597467842418,0.6097622778036218,0.04265644351483067,-1.1392958908336106,1.1109061415789347,0.1876847783655285,-0.44651503350604144,1.0156798739526018,-0.0023482946822083626,1.0452819443965569,-0.759015857359117,-0.49236826645566373,-0.44605907476828927,0.16542979970287316
