0,1,2,3,4,5,6,7,8,9,10,11,12,13,14,15,16,17,18,19,20,21,22,23,24,25,26,27,28,29
5.706594248682581,-3.006650261331942,7.091570003435363,-4.90350629973466,-5.538661810987955,0.8635860361831748,0.19811266078455284,-1.2824080487305582,-0.2947415495148662,0.2991555396177733,0.0861851278761172,1.2299795949080385,-0.14100762033878733,0.4735546684395987,1.0454041239103196,0.9569283569460739,1.9306404344477677,-1.9574757076416713,0.042136645373415355,-1.6684148730857393,0.9313195031452526,0.06580714545028743,0.4821044938409016,0.6114296332222862,0.3114799639417556,-0.8460076735262407,-0.7690031539206026,0.9053283725516821,0.3574061584893438,1.1208268095405611
3.593599127864321,-4.784637522946834,3.0973698856517284,-5.315615354971783,-3.0652847312343123,-0.8028166481876255,-0.8573563203457363,1.9553418044481816,1.7208920201614135,-0.21992342641238755,-0.06247213182004898,1.3919416109307994,-1.1053235173049731,-0.5645849888913697,1.372486766573294,-0.04492106684255653,0.5575738589670874,-1.166147871069467,0.001449575966202477,-0.26810882347821424,0.7700374470383822,-0.668850315341063,-1.9049617110723251,-0.7338711152747452,-1.5458374472349712,0.034972337515779724,-0.47282321077148,-0.012749690336917786,-1.3657986682653065,1.637507129685765
4.544189527211207,-1.9010682445019458,5.946831322565469,-3.1152606741337285,-5.605967058915656,0.34783656391303625,0.49227012413125687,0.49900622745564,0.16096463101710523,-1.0113369047703007,-1.4188848890559806,1.0363824181767105,-1.3938956084603449,-1.86275618896769,-0.27484421866604414,0.11979658774789595,-0.5582382016764943,-0.3266401204797874,1.3636025521018167,-0.3085111420057442,1.9240647148822374,0.8449930803441599,-0.4879661638247772,0.35109665047711197,-0.25883261553976067,-1.6059648560853774,0.7942175931411539,0.9113844811519952,0.4697274078340287,0.6078663447414748
1.922745400802988,-3.7250955945831934,1.3674010727338053,-1.2175517988173423,-6.519743334752212,-0.6618983277004687,0.77239283535265,0.4038488701976745,1.4420383267472885,1.6574246047364267,-0.0757448590831541,-1.8683479365855904,-0.3179819798196179,1.8859598970952858,0.03871854459859577,0.5363370111361726,-2.102654493739614,0.9490032598043314,1.676301434959894,0.37149928100272345,-0.6067602887869349,1.0966233919567425,-0.9488119309481156,-0.14479145085681092,-1.3474306195427375,0.6507725324356958,-1.0605109062402753,-0.9359917410735734,0.3035788717276097,2.2854895606690704
2.470759899593178,-3.4850303446719857,1.886492408694262,-1.1089155599958485,-6.470355653106067,0.9882264554410678,-1.5132479549682802,0.7659360851444798,1.6605251895243434,-0.9317343314308418,-0.6792558462139919,-0.5988795806724063,-1.467017869026001,1.4066932534006706,0.3406547446379092,0.7878769902690194,-0.8973803536938171,-0.47235396745264846,-1.0672552359484715,1.2912842204118669,-0.34341072185913274,-1.1084079187436011,-1.047523098893369,0.6039663734967579,0.12692760428473104,1.0606394808855026,0.19681735767817057,-0.6337340203954125,-0.7213659573021282,-1.236219450274252
4.866126026332363,-4.780256002668942,2.9694776177870423,-4.284789665035486,-1.8427547667654713,2.0991883503613944,1.5139325200917109,-3.2346660333776263,0.00035079811521943153,0.09755299133060268,-0.9407401825839173,-1.927986963057878,-1.6106711456791687,0.05845737679154904,1.0677336982751109,0.227410420922316,-0.049397365836413784,0.7305350142173306,-0.5884254141668046,0.9837484687418165,0.7567793728977116,-0.22439141402333174,0.597114174014626,-2.4558266270245337,1.2979241442184082,-0.9426329689533743,-1.8474145764045682,0.8013583400452505,0.4735272391288332,-0.16637739894535597
6.668637685803221,-1.330181449649542,8.470160505941216,-5.166066818250291,-2.9986131278409265,0.37435505551094234,0.6611811688576977,-1.0642255034001298,1.0631921843656524,1.1667722350119634,-0.57313424524641,0.1353830038163975,-0.2652840931032426,0.8653639308968504,0.009451444349881186,1.4289565428790196,0.5377547994504833,0.5622628258618166,0.6014436486755703,-0.23628464228535395,-0.7217548107501333,-0.43910415374553596,-0.4246662541155024,0.20580886440088245,-0.0049519190452311,-0.11355367566931363,-0.33746104849791675,-1.2227861483776623,0.43897269174005293,-1.012246911654131
3.6471075724847575,-0.9620994129496756,5.012832396587993,-0.717613875324155,-4.346884794872592,-1.033073172382556,1.1196455966529677,1.34991521598948,0.0235129987187555,-0.45916248422719935,-1.867610495780691,-0.9552827604001277,-0.016268404922317552,0.10940700390486718,-0.3524572924103742,-0.3042057900414598,0.20716774898370638,-0.06408964382880399,-0.43922546768643067,1.3577808832278806,-0.012077281406880998,1.5904774725184314,-0.8666094433930231,-0.2853114746403856,-0.8708027424976353,2.7336876804380834,0.5765461095649755,-0.3063751570250002,-0.7894209227509702,1.1468592034463863
2.428382786609588,-3.1061155334631754,3.446464075356882,-1.8204121791293062,-8.145308146937198,-0.29980644599795353,-1.0159220335353378,-0.2740320008687972,-0.41094308107084637,1.2276173410087412,0.6832806165811844,-1.299989025390499,-1.9405026936419136,0.20377546854076486,0.9489856270528191,0.523370119773959,-0.005316400996919583,-1.0270027973797093,-1.2118874152860533,-2.5029420249488834,-1.0439224446074455,-1.0840383978450452,-0.0891307755358686,-0.1563495042354096,-0.0800102149556712,0.3889291645179165,0.6185259839730802,-0.6455863885009673,-0.3270116404154261,-0.28829297299012313
5.6712888332150095,-3.516254380978981,5.553780852554757,-4.253405961302969,-4.3434479655190685,-1.294710072852926,0.9058523016851942,-0.9042672797651408,-0.5622829821423534,1.4980849137032677,-0.3373918535960583,1.6076159598205166,-0.7794458189958046,1.1696772973438836,1.2283762623347887,1.014419528301654,0.6140188145225318,0.21637599257239762,1.3613845342656026,0.632852354071088,1.5711094298850095,0.7388772500858309,0.3342806197258298,0.4622971388394149,1.2126791207023624,-0.1340965155385464,0.9007670256435861,-0.25148044876010034,0.007983968381831349,0.6697273743340632
6.102304049200714,-3.527649537734716,6.102656470779519,-4.7870696131388275,-3.76384208867746,0.640483495124679,-1.2335951015324609,0.29384141038183836,0.11860042724862506,-1.329662559160712,-0.6185856383269995,0.560562440897071,-0.8990408885332591,0.4394110889266485,-0.04074818977706136,1.6474053633949484,0.31804323970681186,-0.30789144841244687,-0.7168653272877767,-0.3252973285036853,0.5812864526522851,1.5681880053357666,0.4529018868563793,-1.4827354737476761,0.42304906829625333,-0.7353051880435316,-0.1847953637321186,2.6500624326061604,0.45756537091524024,0.6258148044630213
4.113240349758537,-3.9091183000521585,4.101233353323807,-5.346548379254242,-4.785894056387626,0.9302378432880094,0.8492268829687784,-2.262995843330118,-1.2918230779899331,-0.47550936047294434,0.8428128235233867,0.5887423848177984,-0.4159270736609177,-0.854583799891589,-0.8987614577593019,-1.3451112037888537,-0.9385085395645099,-1.3828847791489027,0.28221191282408664,-0.8056241368693705,-0.11766849216469213,1.1278795347851023,0.6526547989303565,-1.1569332431755033,-0.6377061445492742,-0.16387949009603633,0.06414092724995867,1.266968266019889,-1.5990634583959895,-0.1791363914986245
2.8096800910394384,-4.787588539915138,1.8573650128252162,-3.77783142599645,-4.389469491097964,-0.28088773628566727,-1.5088514216875297,-0.5699615749447949,-0.029431213908779626,0.4133149647813709,1.4816327363551802,-1.0785559903488962,-2.0342796730976866,-0.7946538801387995,0.7565628994345877,1.2968030460898343,0.6352887123590908,-1.6210626677376627,0.3498919458336016,-0.09604259354995176,0.3907950010289715,0.22880202119353182,-0.8811778059195849,-0.14604688805946803,-0.3563872328127713,1.2357134776708927,0.5326998417910496,1.096773158369534,0.1394063545046913,1.9438788250837893
6.393307747587864,0.06266539066129884,8.632168548037608,-2.262946568419384,-5.3259623457612415,0.45266613305316916,-0.5224881248433852,1.0813371122859443,-0.6069081125263635,-0.7348121629868751,1.1114064477621692,-0.8454393817476175,-0.4809766564814248,-0.09969609558294415,-0.9486079731597528,0.7302811943004018,0.49303470034555236,0.5677864770400884,-0.32647495778389274,-1.0477516272213434,0.18737024555877788,-0.11202609330173346,-1.1314910383851895,-2.3795314159593657,1.0020484102291534,1.0008445406455093,-0.8815454113532137,1.2744000705767644,0.5452021983281715,1.3763832979241744
2.8719918711991848,-3.6933649186368402,3.36967318958868,-2.483671111541405,-4.497333573060423,1.0070381615928254,1.3299506664252976,0.6758811056832198,-0.6667057539783918,0.3603984107783136,-0.3527513963325011,0.32549424338234995,-0.8726087656552406,-1.125732947442313,-0.8061115433076314,2.296306716599146,0.5340848602368333,-0.5751708869106602,0.1433492539701813,-0.4708375170423186,1.4586613935098447,-0.9278960131888264,0.6068808557040494,-2.3418734196264412,-0.611384864700161,0.9639814421160803,-1.776432184005851,-1.3430771138299993,-0.2573240077004829,0.044428119623626645
3.6777043165957406,-3.5278727725276977,3.1338690289799067,-0.9725887420602009,-6.359322729285809,0.15235419863528307,1.1521870146052318,-0.7187104200556468,-1.7050651752768218,0.5686142776807279,-0.7603966982643307,-0.2308882054096946,-0.7109030206155074,2.623492775034277,-1.720796334552235,-1.3345199748849983,0.3033835344001124,0.11821927607584731,0.3195256442618894,0.249045626348856,0.13493282931678702,2.308912767793127,0.41282914703933155,1.5456384399952003,-1.6205011262929985,-0.12464850607514313,0.24437331999930834,-0.6853215822442934,0.18916029519321545,1.0951422312378811
5.263039086714066,-2.82507768999504,6.204911065069132,-4.840949712984395,-4.781032356101849,-0.014834022961249537,0.9734573470289406,3.1571724151642804,-0.8452085730614707,-0.7902299552082014,1.595664822869172,0.7022048246267406,-0.016908206719075225,0.32607526018505467,-0.7023798273048983,-0.4020425200607417,-0.5356552761171005,-0.8984753888398688,-0.9348955335976635,-0.0974397476238709,-0.08376990442897976,-0.41352212335484567,0.338945602335994,-0.13383769329208975,1.9681128666943497,0.9124539237328253,1.891339555065735,-1.0422945601814773,0.08200385571498489,0.7456617973169606
5.859861659242291,-0.8127233159291092,8.431262702471106,-3.8991063401730703,-5.417306470488898,-0.22911628013827265,-0.7568799337507455,1.9601712382781755,-0.3100434633315845,-0.9061951848476887,-0.06107313480599064,-0.5142363631158197,0.34520497839721004,-1.0655161317138238,-0.447588227898775,-0.12479100555414796,-1.3459894016829022,0.544311996039774,-1.4349959502344765,-1.2244304885179993,-0.6191503835298342,-0.012911963894205734,-0.16696941280731734,-0.6446834729234673,1.6700772465747034,1.5008821730879756,-0.5127163368564776,-1.3091500555939066,-1.37384812034093,-0.47452868979100893
4.224028781857389,-5.377924030928963,4.183181892680127,-6.723856736905197,-0.17099351956114361,-0.8896907834561948,1.013734256748369,-1.228372350350487,-0.012538261767383395,1.0073998114976952,-0.01255479409465595,0.1054733988934232,-1.1189098556849397,-0.17004420394981912,1.4488354367723417,0.22152261630871642,-0.9301661560609655,0.3900677320405459,0.4579414106443018,-1.0317059224570233,0.45896728835787165,-0.43235030972731153,0.271058224319722,-0.9977447469473396,2.088333223186549,-0.012564255848182874,-0.0557652471609746,-0.10164463526662924,-0.062318665176996,0.08870436726338986
4.454552710693384,-4.081501420604032,4.341024374884342,-4.120891326797964,-4.4350347335727855,0.1549043302496025,0.6410288880001411,-1.193496721058922,1.6650793740414698,-0.7210727330140769,0.254530309278863,0.6875799292295897,-0.0941442662294524,-1.6951174541341958,0.20500632277669853,0.9379154106939844,0.6003032104382847,-0.7624938679277228,-0.9734691165771945,0.1780899482021681,-0.4360722157635224,-0.2647627629096744,-0.3958607449615556,-1.6229082927597132,0.4500315230635377,-1.1811864490634911,-0.23699932545562158,0.40511288761057107,1.183466124007366,1.93100097223632
2.756937684856412,-2.102858799561159,3.373844968981984,-0.3548699216283562,-5.970206545416169,-0.5946308604629738,-1.5227769319268718,0.10543892397625754,1.458772135738726,0.36893711801565615,0.4676832370725299,-0.20595664246496176,-0.8198075659136784,1.387990349232667,0.37089692671201274,-1.1958168038883739,-0.6380845188590272,-0.46745652051535597,-1.056607758469997,-0.9241326307583395,-0.3690963195977773,0.7854183342887825,0.47000085279221737,0.6925179368479798,-0.8404865311153769,-0.019557398737940088,-0.5965943969370128,0.912571393186138,0.2883350599871375,-0.23103341045820966
2.4141578384440496,-3.8281923808334968,3.9196209990664848,-3.4339156215662996,-5.430438103279249,0.10246833098181013,0.11920315814970366,0.04067027027524147,-0.8325856565977897,1.0874317832831115,1.7184931543632105,0.1346865782688096,-1.6193436089261415,1.602479734244041,-0.20426001476284708,1.2210804967156148,0.9722404777620746,-0.6352338092289344,0.9860296508524425,0.8584578366308304,1.5467051242726717,-0.3642372461012796,0.39693115336046286,1.2420998686614912,2.0097611010793055,0.4379805167396079,-0.7132449601120479,-0.06922109809067013,0.04139753161593768,-1.2250849397755024
4.555173286761196,-6.009274122142148,2.9312402587309783,-5.6962657013984295,-3.3433611485349344,0.38262489633454366,1.2066958962188103,-2.210011947565197,0.889517646178657,-0.8541876696647622,0.7155569626401059,-1.5122317217405254,1.3933076978209968,0.9041499828908985,-0.2114576161196023,-0.849736363552058,0.529859060914913,0.999452913979101,-0.416103769279836,-1.0480284841008365,0.5628954591952893,-1.2221888932421021,0.9918652379843339,0.28681218149206483,0.23637608561396417,0.10360360600358667,-1.0444320525750812,-2.0284336016532993,-1.7063056463254915,1.4906297554144219
6.043901684184551,-3.904833148416599,6.18616926864879,-6.299571749673043,-2.3637110161407175,-0.40126772110583336,0.559564350456355,-1.9457219835290478,2.1074788309099137,-1.7341269641229398,0.5790729579053095,1.3656567880485406,0.8205729757252285,1.6292343110637688,0.9410104912860511,-0.5971869181118958,-1.0302737002958886,0.3059255136544757,0.22642728435172896,0.32859242575467673,0.8834141145150657,-0.7323081329367385,0.9320580638067884,-0.2376274310273339,-0.4654983349916736,0.50175326785,0.7595480535188002,0.9418242424996296,0.8728123061972841,-1.0046113236485266
4.423993470194456,-3.4428433925316266,5.746185958727052,-3.9860285250643885,-4.074805623838899,0.517211931860358,1.2953926233177477,-0.9991962862193458,-0.49236306808758956,-1.6303515893808374,0.40120732063154074,-0.8521604741514767,-0.40081187131126694,0.05415399491857002,2.195695136288079,-0.7204174128125228,0.20015539202134217,-0.07577371966877043,1.497425231930023,0.5395423763695648,0.36345486479437933,-0.6663440285236606,-0.2890159540025181,-0.5347468441743324,-0.17969131836307706,-0.08758775409290778,-0.5997459042950787,0.7797540793390323,1.776528493187949,-0.4238928111207711
4.277286625476513,-3.070208034605209,4.33811461951334,-2.002939126304854,-3.633810477909633,1.64998999934978,-1.0970297087349545,-1.0404789752929842,-1.0764077820154383,-0.4785332699500862,0.2866523025995688,0.6451162771363983,-0.34297773473721016,1.2962910214151502,0.2216574014690397,0.06467044480294863,0.01673357660615955,-0.22764601856297037,0.716475346951467,-0.15571650188739117,-0.8694681357406449,-0.683688422937991,1.381575739293152,0.2507108155858607,0.6260990650762472,1.2753152379113906,-1.3590391054294435,-0.20146889697503903,0.5102346870069331,4.140238606222362
4.4493158174665135,-4.23942890196994,4.92936635886911,-5.915366310344146,-3.418858739248097,0.5329661658461515,-0.3222578842877486,0.25415798439778386,0.9556147930082524,2.391469110719145,0.5573790910008588,-0.4815256304469789,0.9116708685313275,0.41213371525876996,-0.21661487927464243,0.19256815929825372,-2.3946941514944604,0.3803334278889518,-0.7043651612016787,0.6348464700271688,-1.1745648245015026,1.3893751285925342,-1.6518451621887111,-0.1093365937581577,-0.11607697872128546,0.7766430596190375,-1.0741655038526228,1.2170915978982373,0.47781237329396675,0.28363690742489667
2.8023340525045826,-5.590838665567383,2.492134678561125,-5.7559830157145875,-2.9252135587645425,-0.24434371773689326,0.9469482836489784,-0.25581421829032747,0.08521698478444263,0.1822707573831631,-0.19229245426217612,-0.3326338916919324,0.45715305804049533,1.834310063878141,-0.9444410976444932,0.2427123202064518,0.4713687410163199,-0.923582615935335,-0.3796921942000542,-0.13237322569738344,-0.4080049639546828,0.026841708615545752,1.0629855997199131,1.2100701891697792,-1.5127194074191002,1.051211266718875,0.7657938797899874,-1.6724462633979982,-0.6579268069711222,0.9747905427516886
6.203375899112835,-3.132283322170464,6.50394140466225,-4.0889577099091765,-5.0362625165952775,0.18434734241171685,0.8492783235846756,-1.018066535383051,-1.186635948341086,1.9728223073698008,-1.0151422130062848,0.1054024662097575,-0.9352577604650546,-2.0924051283525285,0.6219475545956747,-1.4509567051335674,1.4952652560541833,-0.15205545196073222,-0.7227868783120419,-1.233734732517335,0.29580824774591585,0.29780599348407405,0.43348238335779277,0.8008916526459277,0.8114189345209291,-1.117875781384621,-1.195379377277544,-1.3283969710848471,0.05906540108329976,0.9033980306862971
3.0797611746454336,-2.1218708709424967,4.3393811494457175,-1.9729281801325027,-6.113062313785351,-0.07066272210796103,0.47919500283605504,0.36360719003669545,1.2332568713956094,-0.46256394613170765,-0.39001029480697996,0.12575228331939353,1.2231636838355806,0.19924823268778646,1.1863383591641679,-1.3939463205918394,1.20271690143025,0.9907305393665566,1.5235464532009126,0.10773649219655584,0.5309267363514881,1.026710177147554,0.6051995361728298,0.17181375017733702,0.7779790463831754,0.3510154182887321,1.1609128636912713,-2.0560380719518876,0.9965082535361485,-0.14267620600667139
4.3424649506457245,-3.026006011050219,4.948235356189164,-4.122385539894225,-7.337958785932756,-0.366294578166758,0.023313806630867573,-0.4472695463850548,0.026159713503699757,-1.8992748998836175,-0.07896892463698112,-0.46436395446547735,-1.414313165385247,2.2188015858968155,-0.488865214230117,-2.5290182860219503,-0.12183839607235591,0.8553731591801804,-0.4200356176089933,-1.112754065706536,-2.734137343602371,-0.7980325374819649,-2.1259155352197103,-0.9838369589773245,1.6400513911804202,-0.42881460419463774,0.42803191803022395,-0.18842517860552427,-0.17222668228991858,1.1319879140929179
6.471087894480802,-4.867569762441236,5.249560629430372,-6.370701290377804,-3.447638117354648,0.4131765934931346,2.5416272877815973,1.6704472718309604,-0.2887565529295493,-0.4261130077339487,3.146136459210155,0.10465495390958121,-0.48093874526999963,-0.7831210310942354,0.0629363252331757,0.6101188355328871,0.748971223385079,0.1175232791635686,-0.08522467907296236,-0.352409928840097,0.5795252625582651,-0.9002399948748517,0.8490722689398944,-1.0080215260972871,-0.15119806838156274,-1.0974817157975763,-0.5772907168147382,0.4207493507528433,0.3353803432578733,1.4445407090980624
5.431589102260577,-4.2738167069439985,4.935455897848374,-5.421632601742795,-2.9514075487184384,0.29511884531501414,0.25525204886404257,2.590084049405823,0.3261701156405737,0.9343897904025389,1.0377953838485205,1.0443611734408245,-1.0645747995971317,-0.5945262183383757,-0.027061760965577445,0.20349358969311684,0.26601049575895847,1.4825664843497732,0.6000838988671603,-1.4754787049153422,-2.0638214794904783,-1.473944569840041,-1.25493664222669,-0.11289939595634388,-0.739349669973982,-1.3245658043804867,0.6496241964180572,1.8021260244011181,-0.08713734145830164,-0.23237279550266537
3.1203435189771644,-4.632445506651232,2.921437325157118,-5.142519251214141,-3.1873501889842757,-1.17845437204972,0.8743065675273155,-2.994359643998787,-0.39433720240576015,-1.5073013913738045,-1.0045925698664666,-0.8864118551746618,0.7602780941010161,-0.25247136602715126,-0.11503440999209968,-0.9666332693498452,-0.2821594571506346,1.794451840141994,0.37337250969680363,2.1071560913587697,0.15776252989806924,1.3093245455117175,-0.8759610628778212,0.6721673439206527,0.04031608889194964,-0.20247016982096766,0.7239988091236651,-0.31074732004297184,1.9728217771241803,0.8673138221047676
-4.367664682567043,6.408436941082791,4.866542973409327,3.3696425631934743,-3.358404444315319,0.3715811487239702,2.0165466174261435,-1.4188725857607198,0.5850509219241161,-0.1879829756169076,0.47743086002700447,0.27538657504764,0.0841570796262692,0.7505189944703393,0.04345920138103733,0.715208329591319,-0.7292170861565638,-0.49531780761322075,0.43937384090983234,-0.7309360629448078,-1.5526824350325963,0.4684226343782214,-1.121723995143517,0.16519774933556836,-0.06982759573194502,-0.36781188287089045,2.645703131755786,1.2709042918735802,1.0035872117463127,0.6554338265542919
-3.347908855294641,1.9007324514809492,1.7286944641923037,4.621413809249039,-5.319349770105716,-1.0699077864917481,1.1976355784152477,1.6217449688963281,-0.637151925755456,-0.7539774418164666,0.966484573120822,-0.6761385227648512,1.4439324085773544,0.6163736049067197,0.06489499603078407,0.07432678711855911,-0.19375869943351418,0.6711827660269186,1.2199982726894407,-0.5905250730106323,0.9838207169984271,2.3561790800060405,0.46871613243742033,0.06697846824043638,-1.3083797378620834,-1.3764017491166107,1.2712362532537302,-1.177579667889718,-0.41089961982039763,1.3124725802527808
-4.380169668057208,2.9667332875459085,5.569391853093203,3.994852645897314,-3.4497772838543472,1.8184742445195987,0.20954796613936122,-0.8534183442962447,0.03854396554694643,-1.9068414793901833,0.11241029972984926,-1.1476572771512712,-0.18207152864054865,1.3337949400213531,0.10586654480703646,0.6732856953984175,-0.9582752624413311,0.6788369345373189,-0.5578821807699548,-0.18190842512651595,-1.7586790552132745,-1.590904440060376,2.1010414991269144,0.26445755179013786,0.4551362435535727,-0.4504522018742894,0.479577722885179,0.29403011240722027,0.23096877777170335,-0.09323503164633724
-3.950782452371935,1.2356130355140125,5.962930525781604,6.686570844780848,-2.9348627081011127,-0.6061992642408066,0.37806126619835917,0.146551953683113,1.4035385249189427,0.37302148700877613,0.6326226813776992,0.565691462265206,0.11757373654080935,-0.11972940980019878,-0.2639259174478693,-0.09536090790806034,0.25076658169290034,-0.13270985801572777,0.11336107742349597,-0.890438691492849,1.7207656338120516,-2.0890997114783816,-0.8150426433736124,-0.38865958762362535,-1.0895181034813335,1.1094676255193843,-0.03453607403870016,-2.3028360992518606,-0.9562292291724692,-0.29324718607275635
-2.7875347620847215,4.8323489854260515,4.377152861892725,4.737788474416066,-4.206442113215521,-0.8930400534016368,0.15923874008529101,0.1275211737854475,1.6911303580135129,0.989015466944608,-2.7249962682695847,1.0524320853542481,-0.47206478288751186,-1.2664192255067028,-0.47329655917293356,1.0550546072909897,0.39303180583115027,-0.6076075507080496,-1.1429051461481239,0.5210839995940946,1.3503051714923722,-0.9592272683645977,-0.7246496487760264,-1.5633141834538398,-0.05578719284626257,-0.29226705964297406,-1.0266102002701918,-0.18441062042887132,-1.1125759791319132,0.20184842697772498
-3.9982471090066465,2.1472168059066252,3.4409935798850926,4.016791107940608,-4.789155405084356,0.6029833214570404,-0.8708632566611382,-0.2900225074862177,-0.9642564913663352,1.072813190666364,-0.3087323749149949,0.06505008781762309,-1.3754726755960065,-0.6530573179101584,0.293136997521611,0.47414646307503044,0.5048558180744053,-1.7459328640635687,0.24463202268888803,-0.26445941280927726,0.7924998015805957,0.46062380524302415,0.0483876817369138,0.594352558270738,-0.679695212297398,-0.08594540110985553,-1.2956979953243442,1.1509672084011724,-0.5259679256514345,-1.9189309948836448
-2.0098632201995663,2.384200018203791,5.642801667760329,4.325628212410296,-4.6148662497686965,1.4119904243044399,0.31515977910555754,-1.558952842843015,-0.19364160520252546,-0.7443960622213892,-0.12408995633648025,0.923737773265048,0.404623411672779,0.257243233230402,0.41995675590176,-0.264249937801983,0.25230549815309633,0.027179724369936067,-0.5864878431271224,1.72343602761473,-1.699284086723952,1.6858805565073267,0.08763581289360357,0.20830977554972868,0.6886568626311651,-0.6057998784931798,1.2329020136948126,2.297688348528626,-1.3709641661758007,0.2127616526984062
-5.269283352671327,3.173987378775738,2.6767008287350906,3.7972203171420946,-4.032594636124649,-0.8478852487583032,1.6066882597511338,-0.40535121751007464,0.32705790297595533,0.9517068070731224,-0.43321049831425323,-1.5971755115757558,-1.1725054481479222,1.0538675796679433,-0.013506218465194727,-0.15265822136985302,0.37487740198941716,-0.05573936305643812,-0.5770955238579091,1.5114367453250064,-0.8548888633688567,1.6931788581589902,-0.11120792859395992,-2.5486715077925712,-1.6987588097278268,0.13139793208426237,-1.1115667712390915,-0.2349545763870746,-0.9183443628448567,0.5936148038584451
-4.52226898744359,4.040699819272955,0.2541948539114358,3.068385168919531,-5.199777073678855,0.42712719849239333,0.6426269696264739,-0.022827194294279075,-0.9768897625317489,-0.9649779208923434,0.47413812680314843,-1.2800113390324965,0.1133935443068082,-0.9864499894739817,-0.46934455494036575,1.527897533903631,0.7732248526754278,-0.43876677516875884,0.5740370273453889,0.2870301916592042,-0.051316238095681393,-1.725199277711417,-0.8662731811853549,0.5104120386373978,-0.30959483547981953,-0.6961980043960686,1.242023850671095,-0.4570525765641545,0.4298435944686536,-1.8276132981567619
-4.337270123362798,7.9126288846178365,3.3247409112105046,1.6290566933628616,-3.518467134869142,0.411300640828092,-0.6455024818449034,-1.5526832014035115,0.5408551905286479,-0.8536523119423819,0.4218539319769686,-1.2449999863610925,0.32128366212269777,0.4870413711057456,0.9017003634901659,-1.3274173274156773,0.8343751632153499,-0.8819132093340017,-0.2561065012591391,-0.13133738434035508,-0.7928122560156602,-1.007111898108431,-1.2825763661489942,0.6044752073294376,0.6919878210925825,1.2449560807918667,-0.7558662220622605,-1.6519020555841617,1.089693637516772,-1.0114452234463123
-2.974783354414491,8.227238797122517,1.945961464265526,1.1635550213579817,-5.0102622790513,-1.5745872976107123,-0.5878127907791609,0.9379267937903846,0.8669529172787123,-1.161661925138431,0.34641719515604297,0.01789015602713745,-1.3016571421925642,-0.07711445524647931,0.1864776513916986,-0.7967343180041156,-1.6979671182200171,-0.6377853133972228,0.14283300049528505,0.5517175596617774,-0.06753274593232765,-0.16939252081507336,-0.9695752150182022,0.940475490672939,-1.7070332368571794,1.259617553101313,-1.8437810100109795,1.632357354351017,-0.6061746575558793,-0.2120517057890019
-3.7646475060986857,2.730549820548348,3.3199238594784397,3.9306107525772576,-4.5523130627992945,-0.2317368616589718,0.027629360948078423,-1.4958523229879808,-0.10034815838870038,0.07145422960621539,-0.8452626122582565,-0.8284056701880805,-1.1612082181537955,0.4780453487268053,0.13988477952857176,1.3218165282860257,-1.045618677780114,0.9459939482863049,0.2952316044713986,1.0144915584156624,0.30361819927601363,-0.5688210438909753,0.3363159597040442,1.7422134361678736,-0.9673423807882154,0.5965957155092564,0.08427914415435343,0.07828994022931553,-0.46060846248950066,-0.6118346316163481
-4.255619252887605,4.417194310484356,2.863808666840715,2.673403202957555,-4.605696744739052,0.963612715089705,-0.35201396475237967,0.8486094329368512,0.8578164193645456,-0.888822320409305,0.5885959472543036,-1.2079226209819234,0.5259762045515519,0.7510122473561768,1.2680094773576254,-0.30289720490146793,2.1115401896452255,0.01784603038766527,-0.6581429972426629,0.01574392083121821,0.7659142989375918,-0.9515226168507183,-2.9205793220132548,0.8071264911097797,-0.2652657818443778,-0.24457825553620555,-0.00718431207414789,1.6368779548212713,0.6111426984735631,0.06665231056814666
-4.279090683561518,2.5964512628415255,2.7850621079481366,1.3524995037577692,-5.142245126872632,-1.624874064786939,-0.4415175219643894,-0.3790506192510329,-0.11445688241726402,1.5139856502598585,-0.5949265394886388,1.1522597703070887,-0.1336422429529457,-1.1258940870948528,-0.7455155240177215,-0.6202951850967687,1.3301101769691295,0.3131328314476939,0.35233788748091843,-0.11644907386349458,-2.3832527382438013,0.1563522518981903,0.6300880214616976,-0.47998709593060823,-0.2034311020059745,1.3862145826320549,-0.7107154787959177,-0.33198413140033173,0.8762396618353132,-0.07843840577875844
-4.2817574106232055,3.7280927313978762,3.9435662742323196,4.407779496478302,-3.904008418367627,0.3661674856390957,-1.8342076438146129,0.8239492113207557,0.22198155168127187,0.06971814647740926,1.0286376051083173,0.256609167849908,0.4754586702897063,-0.46645180594250746,1.9221588382056596,-0.8313337907753354,0.12218036653804605,-0.3517776958127881,0.6116518392767438,-0.6106711244452574,0.23041648278238322,-0.04447136435292435,1.5820320850948135,0.6906375351786646,-0.3379070311067119,0.19006572020159077,0.1754746136778193,0.9462369241261588,-0.3032085056655023,-1.4650060344805351
-2.896196708371409,1.9105321530415957,5.069661017503326,4.526494327740901,-4.1381934703616885,2.187592609366514,0.644952756939085,0.704381606751771,-0.5790319438655062,-0.09167606088184406,-0.9779609747583993,-1.0023236976226033,0.16869703486371299,0.04846567612682066,-0.06342368445153371,1.494174689952854,-0.15989652818501549,0.7083167689713519,-1.5101683712626293,0.7043219940915127,0.6219060275183032,0.8097012309033251,0.5378253667336244,0.6602588763121806,-0.036246694609604446,-0.5735409489733064,-1.4855100013063651,0.39065499023863154,-0.1560923499910369,1.7871167663109904
-3.3732814405557736,3.8043352520016493,4.937583514646732,5.637209567427559,-3.1325035377438364,-0.5419765519280102,-0.8053772946463775,0.7304237765477192,0.28842437611929933,1.256692393812276,-0.030844991793070143,-1.0094912631503796,-0.7858855004190908,-1.1596239259687657,-1.3611134866228374,0.32080141032262455,0.21353902669834252,0.3167371765589925,0.6290255955547405,-1.889782517686351,2.139024754485732,-0.3184378732996622,0.020947431087611185,-0.7867455788228694,2.2416471710962154,-1.3793636600502386,-0.42880449210902294,-0.8209298414182177,0.7295172089012378,0.7554262645938307
-3.529577020912865,4.195369817414364,3.845142001122043,3.847018707989029,-4.853097724449769,-0.2953205278359496,-0.40323651038945585,-0.5122593355947499,-0.4248368376990422,0.6583993069095095,0.11606752738462324,0.5401976640235168,0.32628539467450673,-2.3094815174109566,0.13633892349410243,0.3475929041030141,1.437022120625675,-0.7271963350575601,0.19034166778213743,0.47824565922438306,0.73894695380079,0.17421104461548367,-0.6783989468038978,-0.11568008247873868,-1.4505419230691317,0.32769930376519535,-0.30254532929213107,-1.4633492769869556,-2.870631131017044,1.1694113072971741
-3.4640420061917263,4.541991138174898,4.037172406992911,4.751581860240506,-3.852966012240089,0.7607561030965785,1.749338104811423,1.1882278454772421,-1.1576336775696507,0.7537076881718596,0.5486066518606559,-0.39481291137280417,-0.7577817176497007,-0.76797113948572,-0.15474971797721157,0.13579812431394678,-0.4224219223123472,0.46665614172038306,-0.9185308385958949,1.6160768045423086,-0.19569604015077396,-0.8089278922636023,-0.4706198389471583,0.716925794333326,-0.20216115600814882,0.2773671188062079,0.30513176712336676,-0.043270251643046105,-0.5563967983918602,0.8246719295333966
-4.52643678166356,4.277010944665291,3.956919510274581,2.3389689437725343,-4.373949482277317,1.283824211729834,-0.46561829543651906,0.1200741726977987,0.32926850399701757,-0.9576947385405314,-1.704225521501933,1.4245645020009774,0.6069835331373012,0.029323235047175385,1.4514050117363089,0.2619677183995957,1.035401543602201,-0.6776733640114271,0.6189408395154515,-1.200496367066935,-0.2500069710391078,-1.7953505679889699,-1.5250643267243682,-0.9722191403914623,0.9548271753930355,0.8864765345274987,-0.2972318137711749,-1.8892548305101045,0.9044557403405267,-0.17016606513005683
-2.8610431553818367,1.4406391951876314,6.1884270748901855,7.709402989584731,-3.206251124152237,-1.4201840005807855,0.46417181836988647,1.6256742428908093,0.6378777971628928,-1.4353683186044204,1.6844658670923842,-0.5594701633093501,0.6191406992438758,0.35618034509684215,0.0070523323280623565,0.6647044916375692,-0.248712455244557,-0.43917294392975625,0.8931067243249853,-0.984910731387831,-0.2514522569081636,-0.9891379511729694,-0.5691004974138241,1.505733555990813,2.0562508590496584,0.3211147969557375,0.7226554167390888,-1.2917241956038519,0.12072076501521121,-0.07653037838452204
-3.8759421095894058,3.965971109404425,5.003429304000965,2.5299411137202377,-4.147286471673324,-0.8544415999196857,1.0729056258821368,-0.44130873422392397,-0.5116799650273991,1.3645661516341336,0.20397269819637057,-1.3317469985473158,0.25575102993821747,2.355271153451039,1.177602612347062,0.5494871299961478,0.44219146855067326,0.08278210661027433,0.03355089191297723,0.7591137582808019,-0.8042994079234596,0.2329532333254185,0.39981376084247267,-1.0063429314768242,-0.8509289161291915,-0.6256531425275608,1.0419711342438958,-2.1415541595455014,0.9767592218277478,0.3781470753060364
-3.655019944148111,6.423005941348,3.8179342045868254,2.5906389575511883,-4.249211325155284,0.9825136188895979,0.4452675805036805,-0.1201923306196472,0.25736149068293124,-0.9290177461474708,-1.7273436935468998,0.08364340435784594,-0.8508970664061777,-1.3103979235152556,-1.1846230495687644,-1.6063948783358162,1.4861377387640051,1.2570516216472347,0.8627463913007758,0.9359371537645217,0.7709069194695528,1.7962849759843784,-0.8051508049419889,0.07534798321604373,1.266830826505151,0.9564512313303687,0.17975133070910074,-1.2435847756447318,-1.7538482074593893,-0.7247160314812242
-2.3762179847799043,2.2883716871398954,3.4917763915030258,4.551994656222822,-4.766223229430918,-0.0013625191471723732,0.7756887887783145,-0.7805595335287867,0.26709680973858985,-0.3371814951283745,-0.6070218415652494,-1.8077394329008538,0.9127405205658154,0.45194568368528204,2.3636981708051388,-0.8120880508200323,0.42120580997010915,-0.5821077321447843,-1.2028420105462685,-0.09024236582923467,1.6536877576347941,1.6705465022534043,0.15702711164643748,1.3519200070935011,2.507248080474649,-1.2034790415436605,0.4843888467660152,1.2828929728748375,0.7030887913847241,-0.08764610040953355
-2.6997627591734483,4.165684956161496,1.9222127565569527,4.192433335689405,-5.1574108828843865,-0.9400849854793984,-0.6958219924794521,-0.7946446638100712,-1.2199088709281323,0.855695450899622,1.1376458007418813,-0.37279076696660546,0.3109068969191817,1.784905941158405,1.0976023118358076,-1.1675534106284846,-1.4575116648431687,0.8080047832840006,-0.001781486567885646,-0.9419981762678653,0.01414661053048873,-1.8714068799257644,-0.6519279356989358,1.0042634173383451,-1.0835294588869422,0.6014995789472313,0.07938914686020197,0.12180269239328365,-0.3284024488587848,-0.1743738038492161
-3.542291059103155,3.6556182348323265,6.01121372897761,5.556218535013902,-2.8156139114239958,0.10084226464684808,0.9269387536531042,1.512332133061901,-0.9880381029623432,0.7074925335901283,0.656908788390983,1.0792740914130532,0.6046168498944751,-0.09490067149622787,0.2025495862311457,-0.6606551381985031,1.7774819832211324,-1.6997772634953698,0.134418370426315,-0.2450897891641086,1.8187083124232242,-0.7531275404764382,1.7129758707232237,0.9460803184026939,0.8723373425810146,0.8960535315499462,-0.36177448563499626,0.2669035556356161,-1.3826837763051434,0.09403303775625454
-5.280375351638536,2.486993532196869,8.475150071238383,7.910000107358392,-0.8942866899607043,0.6641378011796003,-0.2796841530279262,-2.177376192530558,-1.1134417869316642,-0.1478896482443814,0.9709740721447536,0.032385851729740775,0.7469070777670062,2.214227942869064,0.5313312959816459,1.12023373287438,-1.1102468452420882,-0.15309698105421776,2.3226600429175095,0.10983534458658668,0.5053382259525885,-1.3382973961910583,0.819433506287809,-1.3011738745819734,-0.5894356332943501,1.6329573166196778,1.5509700713282772,-2.1176775418275864,-0.09218325750773625,-1.9718504317300205
-4.0202956953172695,3.1676369801994353,4.362607437904522,5.655620829965124,-3.5297562595368848,-0.9588920744418784,-0.24016483767547114,-0.8443475751258076,1.2584148710522298,-0.02857421300865041,-1.0039288261401706,-0.25089135586961897,-1.0661280471930146,-0.3068708725640044,-0.46407554071834034,0.09878892153644087,-1.8176098673973002,0.3146287146688479,-1.2253644678203226,-0.52862226798318,1.309985116073197,0.17918618020179655,0.32872501593439324,-2.3494027438767997,0.2992917234792151,0.7750869684925986,-0.275888803861584,-0.04067405357893154,-0.6182951921263209,-0.8241614744841771
-3.696050506347705,4.8964954406956975,4.278806487915385,4.818928438615256,-3.7003376707653803,-0.44606129099046044,-0.36806054970327456,-0.12874361434753048,-0.6683997500628016,0.5401859234867964,-0.03637085303958991,-1.6075903168915138,1.5276430371429819,0.7139996350979333,-1.1320678100801873,0.05787355191149655,-0.5477308885233771,-0.2023387554295014,-0.13580815815649097,2.4313238874682246,0.3513781722772636,-0.31170579432714146,-0.9389194492909896,-1.6876023328194294,1.0410129961490373,-0.5068650820856468,0.1350136474664871,2.7856856035453834,-0.5370603344404367,-1.3150977927391634
-2.485971555664227,5.920323105568253,3.3425400728150847,1.2114396620573542,-5.179960591773916,-0.8808525171302835,-0.13374384591360058,1.2045795357703206,0.7586936940978057,0.6048742014592027,0.416587868128529,0.3048354601830043,1.4381649759751234,1.886953238115464,0.29823264498861174,-1.2198675776915808,-0.8345309022056612,-0.5172138959425626,2.0842843394421116,-0.9720635481850051,-0.7032045919988691,1.5261316501816087,-0.2240443118287088,-0.42736346262355884,-0.36622654757528217,-0.5815182546577166,0.4196319968987667,0.13990225042914278,-0.8173163544934122,-2.4751840660350566
-4.342087333634527,5.179248164688141,3.2097296289220205,2.2407299067308233,-4.266086233400067,-0.6607223326888277,0.4033640115777062,0.09294740061581178,1.7285393397202478,0.1238562060348629,-0.5449622365501103,1.8175024685523111,-1.859268162825092,-0.1266449150471445,0.09093711253949414,0.84842538355124,1.5443217650717351,-0.11792362123839219,0.2824037418660806,-1.2404449367283938,1.0427222893172836,0.10944414185273692,-0.6020323414949793,0.015686225952004498,-0.5814951204738628,1.3132759919196986,0.14955901899293397,-0.42584207299141263,-0.7539924160527616,0.38349937705545517
-5.482821459887452,2.623341734819247,3.5885505902968946,5.936785007521529,-3.298146633019648,1.2413128435320107,-0.9825986836464743,1.0461178715986217,-1.187953747901364,-1.0307747037662396,-1.2781861444784728,0.214558467995125,0.8791701211664249,0.5326312556299219,1.0981612177361495,-0.823273661219625,-0.1627867721524246,0.4265174839981464,-0.19451007996052672,-2.4226053208345246,0.6630252791432208,0.43321145343498624,-0.6455588055025527,-0.3705214511263622,-0.8634872703451713,0.9296929342647814,-0.3983607917451295,0.8043830454100049,-0.05736003991936417,0.43920120356786124
-2.5347412264550755,5.658415664258125,2.808313560854203,1.6331687109326465,-5.330514269774506,0.29480726391780226,1.260809518053008,-1.7011976243763145,1.5130807324688842,0.3667222468330905,0.3070165058981833,0.7413428862002528,0.74925754833155,-0.767192314680463,0.3145066318295667,-1.0129069989341115,-0.9181870439675389,-0.8245697628037792,1.4794998767135559,1.3923662178937695,-3.142804361240668,-1.1234633098594577,0.06292571023422106,-1.0347537731159901,-0.17949022405381562,-0.10242698044931926,-0.1255101747079296,-1.1599224834127633,0.5897341899951386,1.672132883338566
-5.680427464534427,4.844908878749708,-3.177308745938171,4.816090204398853,-3.3513927041962397,-1.28489375288642,-0.5768938565311634,-0.8248624646236645,-0.3061603185303819,-1.196015024371334,0.9391716977477247,0.5890680105803777,-1.262023441112043,1.0966479862497966,-1.326118861240037,0.991048906999014,-0.27894157536612463,0.21084180619683177,0.8639470111251742,-0.002031772010806961,-2.109726202670973,-0.32047371020694027,0.3310879129094083,1.0757058893490694,1.2323109080051482,1.1664788989439958,0.1621834753921927,0.20834057890398672,-0.16868632767824468,-0.5791582729006659
-5.337317637248813,4.550754499164628,-3.4897241546670235,2.8196183852296146,-4.891582117438224,0.8246139290444015,-0.1071265918608696,2.953906698383739,-1.5666675644471852,1.8836019616702189,-0.16142194446994376,0.062483935954451224,-0.06267193615994482,0.43178958647972854,-0.25775117997438535,-0.6437375604263903,-1.486891122324353,1.3018016578564349,1.000508286633946,1.4132458030620547,0.36573292309571187,0.8509780852549881,0.43990831877737524,1.085530524411333,0.1683025155507989,-2.230303733114462,0.9242527167299773,-0.5715142575619322,-0.7985049734069053,1.2044103464845741
-6.024924363162329,3.7314875891378816,-2.981212430910326,3.2409515544813545,-4.358184587742865,1.8807724669368975,0.051847814104694315,0.8742639447621426,0.11089151939139648,0.04174955711115158,0.29786322014200894,0.4859106772193518,1.812661327733563,0.0146595303506158,0.8768407287793768,-2.2331998519201157,0.7100094053877954,0.17016684616007727,-0.788351580694395,-0.4533395403586163,-1.8305901197425736,-1.5114802337546813,-0.3642334406182838,0.030417945903700526,1.1831340410590843,-0.5628518315335396,0.15289549895870796,1.6597882808942825,0.006197548019991066,0.4283479321472757
-5.672759638964473,3.242192940454785,-5.695631731217464,3.931548272962807,-4.873738333193727,-0.5747931579832766,-0.8982445209301197,-0.735952231629268,-3.1919833923656147,1.2774002861513674,-1.125718021281537,1.1451449953224795,-0.03438416248705273,0.5902453008660545,-0.44221071225138237,-0.3279600779717913,1.9421628780481583,-0.2529290154694826,-0.22312446387982535,1.0099535740118022,-0.9482006450286673,0.3272769937927803,0.028150158527451792,0.1000902123702374,0.1277078564100533,-1.3598280400375031,0.6636076110902726,-0.11309050040303727,-1.2394165066831975,-2.8021167028230263
-3.0762595824405237,1.8568740747406087,-4.889202446535092,4.40243573990739,-2.2275135423288734,-0.4796168766890639,-1.7857907789729763,0.790922761743139,0.34907635977980994,0.7626587276771967,-0.6144987927493416,-1.4742864596788763,-0.7071300399927967,0.748659721575327,-0.18698802361006955,-1.1268204035597325,0.489334798188335,2.046194872329341,0.726350429083559,0.7797866506380079,-0.941410353183852,0.1127073096325577,-0.20096340354093722,0.6543234493081438,-1.5867362639631057,0.20664090132923701,1.4193657280233674,-1.2530588408151764,0.8746489379637897,-1.806431278418585
-2.275049850847162,1.6448258029077452,-5.8288590793710835,4.724902264011706,-4.905221527354373,1.4426506648396087,-0.09130279490662785,0.0820967316500907,0.18737794170624197,0.5725355771126044,-0.8158498841283455,0.5521389465275596,-0.27342269318513646,0.6457113181717583,-0.36798250976303853,0.8768180290555608,-0.6417330089087409,-1.0173049626026378,-0.6898512059944277,0.35326433077508557,0.4430743196770651,0.5382107082758429,-1.6519230874902304,1.6275439305309412,-0.07698925937786653,-0.08526604046991705,-1.3268397774613392,1.0840032586451154,-0.8823982104249083,-1.053438660275456
-2.3513880749539826,6.735706883239635,-2.69608289392223,5.047903479593462,-4.623224439309936,-0.9733183242901183,0.2755212511748343,-0.18075805528327787,-0.054730422113995286,-0.7082553860028639,-0.7797551555741917,1.023278664458444,-0.38689287706223835,0.0999273692871329,1.1152878207610482,0.38851282310036683,-0.32482649181050754,1.29605695654889,1.186017416724826,1.248554829098256,-0.2382071170472072,1.3259906245711333,0.7401215513725042,-0.07030540519110973,-1.2669520971483101,-1.1914732060922308,1.5571774364158761,-0.629915265301841,1.8408776008055858,1.0607949221735677
-3.9631680087542875,3.7725821613702197,-3.7372010168044874,3.540669665236611,-2.6396101187834877,-1.3523194570644121,-1.2242802227367826,1.1183361168077492,0.29275058936225945,1.5845475958451603,0.6374944070809141,1.3408937073736973,-0.14317376621977732,-1.1307937635326972,0.7878431265287827,-0.8316209785216097,-0.39210320212377653,0.09973779997430403,-0.1036489681635779,0.4607833971641357,-0.42141348802683,1.5779396965187287,0.7687772456153616,-0.8652636280779524,0.025621421259911716,0.46336357608512924,0.42179449053660795,-0.4537159183011343,-0.21171090510446902,0.3701715303473543
-5.6860949918051285,4.479119617736649,-2.7156142417840528,4.335017945818435,-4.446866394068372,0.586770657752273,0.6263404831691329,0.40672908356054566,-1.915541165320578,-2.111545309839526,1.373520228521615,-0.2705190954953965,0.5728299635070555,0.42055778503199864,1.2594744538196443,1.4967610917917988,0.25625284083321054,0.4498001748653245,-0.04049344270343144,0.33398226808809384,0.22477684778347523,-0.1274975429946777,0.007032516945096166,0.7642083849455185,0.0026291777574950982,0.005535146160750892,-0.4440278646046885,-0.7036010475228067,0.5832374056883346,-0.08888519277666519
-5.631329474440397,1.7971181875386621,-6.064486992929449,4.645090586206466,-5.413873493108129,-2.3065875736558334,0.5635884692953355,2.576301218955021,-0.42660132668199935,-0.33462123199705296,1.0557092797312864,-0.053039164198424596,-1.5114066447318595,0.24455700756022367,0.3397081730709333,-1.4401497854827208,-0.6911197191900087,0.9994017444966865,-0.4968239772650156,-0.3301905307562644,-1.2448670431808657,-0.7926455094668503,0.42571208537866123,1.6822120827092732,-0.555652306308827,-0.1319917751192919,-0.23440965958459942,-0.8720753437877486,0.7748740875976804,0.5578486319673572
-4.243777814194364,5.841576941306087,-1.8122187955705464,2.1505850755623426,-3.876885008873037,-0.3900309692012489,1.1278339894686351,1.2984060178623702,-0.3369765068598324,-0.030401495787879526,0.49729640414321435,-0.33282581317288146,-2.4810341053740044,1.5712695170417632,0.2272384512670025,0.965220723238714,-0.22787298487244548,-0.13045087969578426,-1.3001958935701179,-0.07327451857377121,-0.13525290505045134,0.6660840025075453,0.8482273025869629,1.3003132433232096,-1.262837868638008,-0.0054221085342650716,1.4663823407618457,0.2846821744144377,-0.8875193936116045,-0.5718561146119882
-2.9973978676645867,2.3382391165842815,-5.253239834537206,3.214209297534269,-3.9055365721553272,-0.5685569312987696,2.038232488722696,-0.48545777715071103,-0.6085519675801856,0.027445986820358658,0.7675426505369269,-0.036053578859289864,-0.20986078904833197,0.1567482198285521,1.8844891178681122,-1.3474270625586686,0.2743065181699784,0.09409486064360217,-0.10771303235684303,1.8676997659526042,0.24913329352197067,-0.21754750667387454,-0.6253355178583966,0.8300221445553869,-0.26645054770317067,0.9005675864833897,0.5405382820143517,0.1680851034216326,-0.7624637433247149,-0.28883111770179276
-4.625557728959324,4.6623465379074585,-3.0315615285556268,3.1437021874610456,-3.096985209942357,-0.32122859446036234,-1.0413136687796212,0.5722582276955038,-0.43807016505494767,1.0609510909773094,1.5059838941964703,-1.2902246363277932,-1.5844558200848737,0.5803396278688776,0.3444326576548251,-0.36788717646173963,-0.5849060360202069,-1.1276298574048593,0.6840472587299873,0.022728342473773307,1.1206621516354516,0.053969246814201066,-1.809434501807591,0.10856403592685235,-0.6446422083177555,-0.6905145545410536,-0.44174778230231854,0.037606415462188014,-1.517021872774034,1.2162234981292972
-3.431466500002691,3.48228418744001,-4.909599610345908,4.969890393219335,-5.2961960516521875,-0.9807371152646402,1.0375736768794221,0.4803383858422741,1.7921897975671865,0.5113292595149329,0.10571593151241998,-0.7334334618178014,-0.7819345973517466,-0.1184888553510192,-0.07145164535919256,0.6536673804547268,1.0052007349561816,1.5268890003849727,1.6508790150446664,-1.182525454405742,0.038271929630494764,0.5317164487006216,-1.7942882273313618,-1.507027095225963,-0.3733640029847524,-1.406928922940651,-0.16433992071120807,0.8266811528561144,0.8182177120643507,-0.9740789580193573
-3.675084238489749,3.3411409871923508,-5.141169607542313,5.046736511909264,-3.7842498490342535,-1.6767106648183836,1.6139334582258913,-0.8651224708156687,0.41304356950404436,0.2309336174706034,0.05748816723379443,-0.25729301775027263,0.8405034478100685,1.4809480850056262,-1.4120497510088823,-1.2769875026815023,0.6474922660336486,-0.31519209008210797,0.040140306488177756,0.14112140336990142,1.3626153827405807,-0.7217436423524213,0.5168197301771128,0.38476009300323954,-0.38133565178876777,0.8075702770626997,-0.7338582096476695,0.14073665042201672,-0.007735567289171405,-0.9146363371102176
-3.240141411141323,4.095770225491322,-2.4774364598272416,2.01506321684915,-2.668733479369552,0.08613751928923237,-0.0445939762631915,-0.6431835691818774,-0.366319079810214,-1.3656824437091821,-0.5122692050356081,0.6351549099002413,-1.136425854795334,-0.04672792388346398,-0.8520565679416342,1.6773759313008094,-1.1852275767836373,1.44337109363545,0.5604523250455686,1.072705190427788,-0.1681477257179512,1.1186758363198053,1.7264753550119203,-2.049424071398538,0.7013311076033247,0.7346231787783681,1.4907923724660859,-1.3658716411124034,-0.5123532604419134,0.36292214750516
-4.08827793639455,5.087544775101784,-2.0541795052352945,3.4168500533303376,-2.85700066300351,-1.441580520504657,0.8656122026150606,0.47779937613498064,-0.3107602166109154,-1.2436197458442102,1.6541518545070888,1.7834132429874665,1.387002697460779,-2.2161793371498537,0.2231119284235151,0.10377028787782892,-0.41933628158352276,-0.43983252267952794,0.2981394105441729,-0.4667778650254102,-2.168087667293044,0.9410354389837903,-0.11255780980126746,-0.5080069590009382,-0.41163514883406127,0.5148283088678096,0.27646302301445064,-0.797995075182692,0.49253783833250175,-1.2481619222126907
-2.519709391261444,4.062860615103797,-4.704039040367497,3.886993600362335,-3.8841943148964435,-1.008485907212894,-0.1403634112026964,-0.11691072624754864,0.2902790512598162,0.837229070788109,-0.19235687295479498,-0.3706805280398288,0.15445558653701738,0.8488199293782493,-0.5332078850153231,0.07927363381771489,0.8800098889824598,0.7598495061315798,-0.592677729521247,0.459973943575453,-1.8214570762927669,0.1486921738423374,-0.3851613541240395,0.9564191391583023,0.13653015969964544,-0.20545558422066262,0.7867246540387481,1.089705701541343,-1.6300151353834553,-1.3587901309895625
-3.964709132639925,5.281392195150472,-3.628912003095468,4.27674403439295,-3.413860563103062,0.2773651747685137,0.10749384281530171,-0.2879003423090531,0.9060721033110778,-0.09352099932412777,-0.5844357003945769,0.7487980311487474,-0.6604906674905796,0.4085835446547567,-0.21216035801117175,0.2067735885258834,-2.886265365546526,-1.0225872083468497,-0.713598858324759,-1.7314070497073801,0.2653647721574786,-1.1104825730440426,-2.4524670080845197,-0.8679878874454756,-0.2229616765220536,-2.013067731085702,0.9193175576334903,-1.556966947019391,1.3455693949448118,-0.06006508365804947
-3.7659313334535356,3.6864229271204763,-2.8197228717088834,3.3860756291225584,-3.66217640536044,1.1179421230230113,-0.7525949336770398,-1.201338137799789,0.33718354997664357,0.20332285076100493,1.3102344564992552,-0.1772873001638189,1.4094126516415566,-0.8205884457414823,1.1577171656129412,-0.2837179618346766,-0.1636348393128611,0.161835050460718,-0.29311476625386745,-1.0972646337048702,0.8343213473001636,-1.0753458925185944,-0.16141945070026792,-1.2065461867177485,1.2286579223132437,0.6326167633707114,-1.9879435667985559,0.012845231998563916,0.8694990124321011,1.870744888418093
-4.160737342331001,4.913927615003605,-3.4244041061338057,3.6569957289884245,-4.268038902760124,0.1439938814329444,0.578383381995583,-0.8178770125117424,1.638470640070701,-0.30951073308116933,0.08527730508534961,0.26016704830652027,-1.7547152292515147,1.396630009058939,2.399230993962844,1.0468610282697843,-0.3510666459744084,0.051283821156741384,0.9302367122422195,0.5023201698286116,-1.0820375678653225,-0.2217341463339906,0.8004449779082343,0.8028148327262371,1.6092984044745282,0.9326854496237228,0.27018731282504804,-0.19892879063421123,-0.5345448561491764,-0.9346246003776655
-3.0040479689884285,2.572135381542496,-4.88750402223294,3.627060551137052,-2.692229455029029,-1.1179215263167974,0.08218713504584604,0.42819522829251694,0.9291118140580729,-0.49000600589975374,0.32563593467667773,-0.6848941776452127,-0.6037598648880189,-1.3849752410651335,-0.604917430771897,-0.6352366172089972,0.22519236374209248,1.3591792302892154,1.073152916061667,1.3209419473716204,0.013223107497142384,1.0356861668921868,0.30623415570488466,-0.9177596116318031,0.9259343194316467,0.7066406544987711,-2.398115670857112,0.07785949619895004,-0.1747243600674996,0.3327315163936587
-2.9066054539594424,6.276995190884738,-3.08153685171512,5.847570871514381,-5.927415352245107,2.158547224710269,-0.524116288249087,0.7680800988529428,-0.9584535657424029,-0.8125602424565759,-0.5074148200961213,-1.2874550663723263,-0.6487685018445576,-0.8139094721375428,-1.3285980469297753,0.10267556603988336,-0.23749444978608084,-0.5566851870309444,-0.6162648059022791,0.7344656221976333,-0.007067203519495441,-0.4780839052320393,-1.2798667646315924,-0.2277436518181089,2.3711323852558697,-0.3270948487987668,-0.226262028596486,2.4371043591219492,-0.31429136458085655,0.504277314517392
-3.9949607099373536,2.601987147840821,-4.049678163013057,4.22759323178213,-3.662862418694292,0.0070941765860238195,-0.8511549095620348,0.24705739764743873,0.34855557215955585,-1.8378939035998407,-0.671717328399738,1.2015976636699177,-0.09477914356241028,-1.6619900308459987,-1.3855020272086285,2.033141144626134,-2.347954463463174,3.3612084481328757,-0.20126682376473395,-1.9572276721518187,1.1567904078120888,-0.6111771115068166,-0.0162878010058659,0.028438962968308744,-0.0047094482444936655,-1.7092224855763156,-0.30716672291838526,0.8193942491523984,0.15028626614830892,-0.8907855171829374
-7.064425554512017,4.469930426240631,-2.690061221270253,2.2047425663406703,-3.224182087554802,0.5903104837029884,-1.3497318196339332,0.0411652533086768,-0.3679059418026729,0.9263839830204279,-0.9595891422435012,-1.1535982163263905,-0.2625791661039934,0.15076345853411277,0.6427327674349425,0.7901960541476855,0.032557594474952545,-0.14854539142191336,0.5772449476788771,-0.027636228470899134,0.15487675184573876,0.35779913728946994,0.48494246740690894,-0.7370586133857197,0.867686968444231,-0.3293268636118057,-0.15298548564885475,-0.6192140671155115,-0.15350870330340927,0.12681292034735245
-6.012618944611306,3.6773608528317303,-3.1180676406537655,1.9528262399839873,-3.2345878846195526,0.3694672932106219,1.1020729149009716,0.21817210713650215,-2.0307888663175646,0.38318078799859767,-0.14451317109449616,-1.2096050841677146,-1.061651365800539,0.5580240197157116,0.4572362840972315,0.6120929442605411,-0.05538056610484919,-0.34799890573604886,1.1792051436979916,0.07986105890361042,-0.46669991210499806,-0.5011189864222787,-0.3923962707018561,-0.6078560065616402,0.2608805730106274,-2.094332057621623,0.8689867542854779,0.5510925650514076,0.2597232520682742,1.3254420720311846
-3.207807784298125,5.305829609435319,-3.011363265925299,4.3935175561137845,-5.1160135240414615,0.14394295653481276,1.7142362058791776,-1.1125884484207367,1.7472285383222932,0.17597336157305904,-0.0011002193812075004,0.8615776606843448,-0.2998077386433774,-1.1943532503430303,-1.25161476539007,0.5065893931004205,0.2508553632060019,-0.4762697040745522,0.2729284877802453,0.4891289780581636,-0.2339174625595501,-0.7661305852708381,-1.1777733272001951,-0.08176718222299281,-0.12227508050833914,-0.6727966188789154,-0.16787090793177945,0.7842624106435091,-1.0185204714530705,-1.316405210473806
-3.4670980294426696,4.144781828164365,-5.08790798243589,5.978236746587683,-4.245338439583692,-0.6245683274519206,-0.7055205375671246,0.0831482389146373,0.8276701834265765,-0.1632242922380363,-0.4309246961182431,0.17010133637891572,1.0384983200847813,-2.5207753530318158,-0.15794155648931443,-1.658394108039058,1.2342904712203542,1.1548926628787386,1.404309214247576,2.242411154512745,-0.23736812736956203,0.3367178779008103,-0.38299493266502604,-0.14495342506180314,-0.2738196035682202,1.350321738136499,-0.017773622569556082,1.130511202522331,1.5062212892212385,0.34822192205022695
-4.863660063610668,2.4036744829731256,-3.889728152298964,2.382412487995734,-4.647129812272858,0.9333103638655467,-0.8413419603952427,1.0028070981688935,0.2606824959763412,0.19608315772784496,0.09590726607552186,-0.5450666583157717,0.027685011204934846,-0.6701722407623655,-0.9091040375129413,-0.1499914998183434,-1.746299296046437,-0.162204424776064,0.2151854386296603,0.20634314224999442,1.6011189747307497,-1.1061129120182693,0.8265931377917942,-1.7496647487209942,1.2999521732402166,-0.5108359030037424,1.223783626967048,0.374820726129409,-0.13771232466548314,-1.1895994892145867
-4.577461202101402,4.577510009490261,-3.2617223715771893,4.223545780509459,-4.531216821373607,-0.46137914733317875,-0.21307930863279287,-0.802991734875457,-0.6122642337960434,-0.28392401366073744,-0.581671998539858,-1.6364829584757856,-0.5077898982987857,-0.006964296595033892,1.4593849440040354,-0.29640373428052014,-0.9278913678899089,-2.7178757620353124,-0.04800527519803469,-0.2008767051182017,1.3049751783110661,0.02029967659996475,-0.7648077255145196,-1.165100751983034,-0.7905429757458837,0.22530465732509514,-0.36933644452603964,0.7552985851753038,-1.9214379386135652,1.0471091516266755
-2.2120000192166884,2.846885854505766,-6.444316722226965,5.470010392127355,-3.731178375392828,-1.2117561576784965,0.9600783173625895,1.5199625167870354,-0.21700296388271179,1.7638769152550522,1.2843821813160017,-0.7407320186176578,-0.6634696452927055,-2.3545409359414733,0.5431745766947219,0.4436906386944444,0.7972782076169428,-1.0815765844208654,-1.9433348441048022,-0.5085492286782962,0.6401408130360102,0.29920131554872725,0.2173260265930137,-1.0933776315563943,0.7294032782974047,1.3608093678684114,1.2275211843984786,-1.6322535264783848,0.8242262517905898,2.295043982358402
-4.284147485138879,2.2059726622829388,-6.03832638605909,3.721482804037703,-4.152129752921636,-0.27266586303341844,0.04838061895732696,0.7472423541812308,-0.5939769991184328,0.4730912243530973,-1.3835045092432956,0.9561754231912531,-0.5909198424871258,1.7322232300698333,-0.8366514217545121,-2.0114413817380092,-1.079825911050297,0.7674936817003404,0.4107023557025955,1.3954749675382658,-0.22912950031624368,-1.5286332433411995,0.66675622275247,0.3742132280732638,0.39169987629397623,-0.006226351877531386,-0.056944748414141384,-0.09127498650287683,-0.6093626951660549,-0.42795940713139907
-3.9707945870414627,3.35829422484262,-4.2444905587166035,3.2611993131346164,-4.246089071491367,0.31339988593734364,1.1461470800783766,-1.383663454627199,0.6414577691671896,2.1374791553559755,2.1673249106724564,-0.07051024122952887,-1.4144151454516183,-1.4302284193626231,-0.6040759436636918,1.8963802326573214,-1.347773867574686,-0.577083078774699,1.0349044875942905,-0.0613613394835629,-1.2042179562275137,0.5747451583368204,-0.5672634383001859,0.1533155488321385,-0.3516665075209351,1.016359226611927,1.2222169465417279,0.5214873298371178,-0.9023587257155374,-1.961585674989751
